timestamp,energy_consumed,temperature,humidity,people_count
2018-01-01 00:00:00,49,24,8,16
2018-01-01 01:00:00,49,24,9,13
2018-01-01 02:00:00,49,21,13,4
2018-01-01 03:00:00,49,24,6,17
2018-01-01 04:00:00,53,24,5,2
2018-01-01 05:00:00,58,21,12,18
2018-01-01 06:00:00,56,23,8,11
2018-01-01 07:00:00,39,21,12,4
2018-01-01 08:00:00,31,22,13,18
2018-01-01 09:00:00,30,20,13,10
2018-01-01 10:00:00,33,20,5,16
2018-01-01 11:00:00,24,23,5,13
2018-01-01 12:00:00,35,20,6,10
2018-01-01 13:00:00,49,20,14,0
2018-01-01 14:00:00,58,23,7,17
2018-01-01 15:00:00,64,22,6,8
2018-01-01 16:00:00,76,20,8,0
2018-01-01 17:00:00,66,21,12,11
2018-01-01 18:00:00,52,20,14,6
2018-01-01 19:00:00,37,21,6,1
2018-01-01 20:00:00,37,20,9,9
2018-01-01 21:00:00,28,23,5,3
2018-01-01 22:00:00,35,22,9,12
2018-01-01 23:00:00,40,21,5,9
2018-01-02 00:00:00,57,24,13,9
2018-01-02 01:00:00,42,20,9,1
2018-01-02 02:00:00,45,23,8,19
2018-01-02 03:00:00,50,22,11,16
2018-01-02 04:00:00,51,21,5,17
2018-01-02 05:00:00,39,20,9,4
2018-01-02 06:00:00,43,22,9,10
2018-01-02 07:00:00,39,24,10,10
2018-01-02 08:00:00,33,21,12,9
2018-01-02 09:00:00,24,24,5,19
2018-01-02 10:00:00,26,23,14,6
2018-01-02 11:00:00,34,21,12,15
2018-01-02 12:00:00,41,21,11,17
2018-01-02 13:00:00,39,24,5,19
2018-01-02 14:00:00,44,24,10,10
2018-01-02 15:00:00,49,22,9,2
2018-01-02 16:00:00,43,20,5,17
2018-01-02 17:00:00,46,22,12,10
2018-01-02 18:00:00,43,24,13,14
2018-01-02 19:00:00,58,20,7,10
2018-01-02 20:00:00,50,20,13,15
2018-01-02 21:00:00,57,21,8,2
2018-01-02 22:00:00,45,23,8,4
2018-01-02 23:00:00,59,23,11,16
2018-01-03 00:00:00,54,23,10,13
2018-01-03 01:00:00,49,20,6,16
2018-01-03 02:00:00,40,22,12,13
2018-01-03 03:00:00,46,22,9,8
2018-01-03 04:00:00,39,22,7,13
2018-01-03 05:00:00,34,23,9,7
2018-01-03 06:00:00,39,22,7,1
2018-01-03 07:00:00,44,20,14,17
2018-01-03 08:00:00,48,20,5,2
2018-01-03 09:00:00,47,22,6,11
2018-01-03 10:00:00,46,20,11,14
2018-01-03 11:00:00,42,20,7,18
2018-01-03 12:00:00,41,24,5,8
2018-01-03 13:00:00,26,21,9,4
2018-01-03 14:00:00,18,24,7,5
2018-01-03 15:00:00,26,23,10,12
2018-01-03 16:00:00,27,22,8,1
2018-01-03 17:00:00,31,21,13,0
2018-01-03 18:00:00,32,24,8,5
2018-01-03 19:00:00,38,23,12,18
2018-01-03 20:00:00,40,20,7,3
2018-01-03 21:00:00,47,22,14,17
2018-01-03 22:00:00,42,21,11,10
2018-01-03 23:00:00,51,20,14,6
2018-01-04 00:00:00,62,23,8,18
2018-01-04 01:00:00,60,20,5,10
2018-01-04 02:00:00,65,21,10,8
2018-01-04 03:00:00,77,21,5,13
2018-01-04 04:00:00,71,20,6,16
2018-01-04 05:00:00,55,22,13,19
2018-01-04 06:00:00,41,21,11,15
2018-01-04 07:00:00,30,20,5,18
2018-01-04 08:00:00,16,22,6,17
2018-01-04 09:00:00,23,21,5,13
2018-01-04 10:00:00,39,21,8,11
2018-01-04 11:00:00,51,24,12,7
2018-01-04 12:00:00,63,22,6,11
2018-01-04 13:00:00,76,24,8,7
2018-01-04 14:00:00,67,21,9,12
2018-01-04 15:00:00,63,24,10,16
2018-01-04 16:00:00,55,22,13,12
2018-01-04 17:00:00,40,23,11,17
2018-01-04 18:00:00,28,24,10,11
2018-01-04 19:00:00,33,20,10,0
2018-01-04 20:00:00,27,20,14,1
2018-01-04 21:00:00,28,21,14,14
2018-01-04 22:00:00,45,24,12,7
2018-01-04 23:00:00,40,21,5,7
2018-01-05 00:00:00,47,20,5,11
2018-01-05 01:00:00,45,21,9,16
2018-01-05 02:00:00,50,20,14,15
2018-01-05 03:00:00,36,23,5,3
2018-01-05 04:00:00,45,23,8,13
2018-01-05 05:00:00,31,23,7,14
2018-01-05 06:00:00,38,20,13,5
2018-01-05 07:00:00,36,23,8,13
2018-01-05 08:00:00,36,23,6,14
2018-01-05 09:00:00,34,22,11,6
2018-01-05 10:00:00,39,20,14,18
2018-01-05 11:00:00,37,24,5,19
2018-01-05 12:00:00,31,22,11,13
2018-01-05 13:00:00,39,22,14,11
2018-01-05 14:00:00,51,21,13,19
2018-01-05 15:00:00,65,21,13,5
2018-01-05 16:00:00,73,24,14,14
2018-01-05 17:00:00,89,20,11,15
2018-01-05 18:00:00,89,20,8,0
2018-01-05 19:00:00,88,21,12,12
2018-01-05 20:00:00,86,21,7,19
2018-01-05 21:00:00,67,20,9,16
2018-01-05 22:00:00,48,24,6,14
2018-01-05 23:00:00,39,22,8,12
2018-01-06 00:00:00,36,23,8,13
2018-01-06 01:00:00,30,20,13,11
2018-01-06 02:00:00,38,23,6,11
2018-01-06 03:00:00,46,23,11,16
2018-01-06 04:00:00,42,23,13,6
2018-01-06 05:00:00,40,24,12,6
2018-01-06 06:00:00,34,24,5,16
2018-01-06 07:00:00,25,21,5,1
2018-01-06 08:00:00,20,24,14,1
2018-01-06 09:00:00,30,22,10,14
2018-01-06 10:00:00,18,23,6,5
2018-01-06 11:00:00,14,23,10,2
2018-01-06 12:00:00,20,23,6,5
2018-01-06 13:00:00,21,24,11,17
2018-01-06 14:00:00,26,22,13,16
2018-01-06 15:00:00,33,24,14,8
2018-01-06 16:00:00,52,24,14,18
2018-01-06 17:00:00,61,23,13,15
2018-01-06 18:00:00,72,20,12,9
2018-01-06 19:00:00,66,24,11,0
2018-01-06 20:00:00,73,24,14,9
2018-01-06 21:00:00,64,23,8,9
2018-01-06 22:00:00,51,22,8,11
2018-01-06 23:00:00,54,21,13,6
2018-01-07 00:00:00,57,21,5,1
2018-01-07 01:00:00,49,21,11,10
2018-01-07 02:00:00,47,24,12,0
2018-01-07 03:00:00,61,21,9,19
2018-01-07 04:00:00,62,20,5,13
2018-01-07 05:00:00,62,23,13,3
2018-01-07 06:00:00,63,22,7,3
2018-01-07 07:00:00,75,23,7,18
2018-01-07 08:00:00,74,24,11,13
2018-01-07 09:00:00,56,23,11,8
2018-01-07 10:00:00,57,23,11,2
2018-01-07 11:00:00,60,20,8,12
2018-01-07 12:00:00,43,20,5,17
2018-01-07 13:00:00,45,20,7,2
2018-01-07 14:00:00,62,23,11,10
2018-01-07 15:00:00,49,21,10,15
2018-01-07 16:00:00,55,20,10,13
2018-01-07 17:00:00,56,22,7,1
2018-01-07 18:00:00,47,23,9,10
2018-01-07 19:00:00,37,23,12,2
2018-01-07 20:00:00,46,23,14,5
2018-01-07 21:00:00,32,24,10,10
2018-01-07 22:00:00,43,23,7,18
2018-01-07 23:00:00,35,24,7,6
2018-01-08 00:00:00,35,23,13,17
2018-01-08 01:00:00,42,20,9,8
2018-01-08 02:00:00,44,21,9,14
2018-01-08 03:00:00,36,23,14,13
2018-01-08 04:00:00,43,22,13,19
2018-01-08 05:00:00,37,23,8,8
2018-01-08 06:00:00,32,24,7,3
2018-01-08 07:00:00,40,21,6,1
2018-01-08 08:00:00,37,21,11,3
2018-01-08 09:00:00,32,20,9,7
2018-01-08 10:00:00,36,24,5,8
2018-01-08 11:00:00,29,21,8,19
2018-01-08 12:00:00,28,24,14,1
2018-01-08 13:00:00,37,24,8,17
2018-01-08 14:00:00,55,24,12,13
2018-01-08 15:00:00,55,21,6,0
2018-01-08 16:00:00,65,22,12,6
2018-01-08 17:00:00,60,24,10,13
2018-01-08 18:00:00,59,20,6,17
2018-01-08 19:00:00,54,24,8,0
2018-01-08 20:00:00,51,24,6,3
2018-01-08 21:00:00,40,23,9,9
2018-01-08 22:00:00,37,22,6,16
2018-01-08 23:00:00,29,20,11,1
2018-01-09 00:00:00,27,23,11,18
2018-01-09 01:00:00,28,24,12,16
2018-01-09 02:00:00,42,20,8,8
2018-01-09 03:00:00,50,20,10,3
2018-01-09 04:00:00,55,21,8,15
2018-01-09 05:00:00,51,22,8,13
2018-01-09 06:00:00,67,22,14,10
2018-01-09 07:00:00,67,21,5,11
2018-01-09 08:00:00,72,20,5,16
2018-01-09 09:00:00,68,20,5,4
2018-01-09 10:00:00,59,21,12,8
2018-01-09 11:00:00,44,20,10,18
2018-01-09 12:00:00,31,24,8,0
2018-01-09 13:00:00,15,20,12,13
2018-01-09 14:00:00,23,23,14,6
2018-01-09 15:00:00,30,24,10,16
2018-01-09 16:00:00,35,22,11,7
2018-01-09 17:00:00,43,21,7,1
2018-01-09 18:00:00,49,24,8,14
2018-01-09 19:00:00,49,21,10,14
2018-01-09 20:00:00,58,20,13,6
2018-01-09 21:00:00,58,22,10,3
2018-01-09 22:00:00,53,24,10,12
2018-01-09 23:00:00,56,20,14,0
2018-01-10 00:00:00,62,21,13,2
2018-01-10 01:00:00,62,21,13,7
2018-01-10 02:00:00,68,23,8,6
2018-01-10 03:00:00,66,23,7,15
2018-01-10 04:00:00,71,24,8,10
2018-01-10 05:00:00,64,23,5,9
2018-01-10 06:00:00,58,22,12,3
2018-01-10 07:00:00,50,20,13,0
2018-01-10 08:00:00,54,20,12,11
2018-01-10 09:00:00,36,20,5,6
2018-01-10 10:00:00,33,22,10,14
2018-01-10 11:00:00,39,23,13,17
2018-01-10 12:00:00,45,24,11,11
2018-01-10 13:00:00,49,21,6,12
2018-01-10 14:00:00,59,22,13,10
2018-01-10 15:00:00,64,24,6,13
2018-01-10 16:00:00,47,24,13,0
2018-01-10 17:00:00,54,24,11,17
2018-01-10 18:00:00,46,21,5,6
2018-01-10 19:00:00,42,24,14,16
2018-01-10 20:00:00,43,23,8,18
2018-01-10 21:00:00,57,20,9,5
2018-01-10 22:00:00,52,20,11,3
2018-01-10 23:00:00,61,20,11,12
2018-01-11 00:00:00,74,24,12,11
2018-01-11 01:00:00,62,20,8,1
2018-01-11 02:00:00,50,23,11,15
2018-01-11 03:00:00,40,20,8,3
2018-01-11 04:00:00,42,21,7,5
2018-01-11 05:00:00,24,20,5,15
2018-01-11 06:00:00,25,22,8,3
2018-01-11 07:00:00,34,20,12,4
2018-01-11 08:00:00,43,21,6,4
2018-01-11 09:00:00,35,24,11,10
2018-01-11 10:00:00,47,24,9,18
2018-01-11 11:00:00,51,22,8,9
2018-01-11 12:00:00,46,20,7,1
2018-01-11 13:00:00,42,24,6,6
2018-01-11 14:00:00,45,23,11,3
2018-01-11 15:00:00,35,22,7,13
2018-01-11 16:00:00,39,21,5,17
2018-01-11 17:00:00,33,20,12,10
2018-01-11 18:00:00,30,22,12,18
2018-01-11 19:00:00,19,21,9,16
2018-01-11 20:00:00,22,24,9,15
2018-01-11 21:00:00,23,22,11,15
2018-01-11 22:00:00,38,22,14,3
2018-01-11 23:00:00,41,24,6,9
2018-01-12 00:00:00,42,22,9,16
2018-01-12 01:00:00,41,23,14,17
2018-01-12 02:00:00,48,23,7,9
2018-01-12 03:00:00,44,22,6,1
2018-01-12 04:00:00,42,23,11,17
2018-01-12 05:00:00,41,23,7,4
2018-01-12 06:00:00,44,24,11,1
2018-01-12 07:00:00,31,22,12,11
2018-01-12 08:00:00,33,20,6,10
2018-01-12 09:00:00,39,22,8,7
2018-01-12 10:00:00,50,23,8,15
2018-01-12 11:00:00,47,20,12,11
2018-01-12 12:00:00,50,24,11,1
2018-01-12 13:00:00,37,24,7,4
2018-01-12 14:00:00,35,24,9,18
2018-01-12 15:00:00,29,24,5,0
2018-01-12 16:00:00,43,23,5,13
2018-01-12 17:00:00,51,20,8,13
2018-01-12 18:00:00,62,21,6,19
2018-01-12 19:00:00,67,20,9,0
2018-01-12 20:00:00,61,24,7,10
2018-01-12 21:00:00,57,21,12,16
2018-01-12 22:00:00,57,21,6,13
2018-01-12 23:00:00,59,24,5,0
2018-01-13 00:00:00,63,21,14,3
2018-01-13 01:00:00,65,20,11,19
2018-01-13 02:00:00,56,24,14,13
2018-01-13 03:00:00,58,24,7,13
2018-01-13 04:00:00,63,23,5,4
2018-01-13 05:00:00,60,22,12,7
2018-01-13 06:00:00,58,20,14,4
2018-01-13 07:00:00,57,21,5,6
2018-01-13 08:00:00,48,21,11,16
2018-01-13 09:00:00,44,22,13,12
2018-01-13 10:00:00,36,22,10,6
2018-01-13 11:00:00,43,20,11,7
2018-01-13 12:00:00,56,24,8,13
2018-01-13 13:00:00,51,22,14,2
2018-01-13 14:00:00,44,24,14,4
2018-01-13 15:00:00,41,21,13,3
2018-01-13 16:00:00,39,23,12,13
2018-01-13 17:00:00,24,22,5,7
2018-01-13 18:00:00,32,24,6,0
2018-01-13 19:00:00,37,23,9,9
2018-01-13 20:00:00,37,22,13,12
2018-01-13 21:00:00,49,21,8,2
2018-01-13 22:00:00,68,23,11,8
2018-01-13 23:00:00,63,20,8,1
2018-01-14 00:00:00,64,21,6,9
2018-01-14 01:00:00,74,21,10,15
2018-01-14 02:00:00,63,20,9,8
2018-01-14 03:00:00,58,23,11,13
2018-01-14 04:00:00,71,24,6,0
2018-01-14 05:00:00,75,23,14,16
2018-01-14 06:00:00,75,20,7,15
2018-01-14 07:00:00,83,21,8,11
2018-01-14 08:00:00,83,21,8,11
2018-01-14 09:00:00,70,24,9,15
2018-01-14 10:00:00,54,23,13,3
2018-01-14 11:00:00,52,21,14,4
2018-01-14 12:00:00,47,23,13,13
2018-01-14 13:00:00,37,20,11,13
2018-01-14 14:00:00,38,23,14,4
2018-01-14 15:00:00,37,24,11,9
2018-01-14 16:00:00,37,23,13,15
2018-01-14 17:00:00,35,22,13,16
2018-01-14 18:00:00,33,23,10,3
2018-01-14 19:00:00,33,24,10,11
2018-01-14 20:00:00,42,23,7,1
2018-01-14 21:00:00,48,22,13,12
2018-01-14 22:00:00,39,21,9,0
2018-01-14 23:00:00,55,21,9,10
2018-01-15 00:00:00,55,20,10,16
2018-01-15 01:00:00,64,24,11,3
2018-01-15 02:00:00,48,20,7,19
2018-01-15 03:00:00,51,22,6,5
2018-01-15 04:00:00,51,23,9,11
2018-01-15 05:00:00,44,23,9,4
2018-01-15 06:00:00,27,21,9,2
2018-01-15 07:00:00,25,24,13,5
2018-01-15 08:00:00,34,21,9,13
2018-01-15 09:00:00,20,20,12,0
2018-01-15 10:00:00,29,23,12,4
2018-01-15 11:00:00,42,21,14,5
2018-01-15 12:00:00,49,24,9,11
2018-01-15 13:00:00,47,20,12,11
2018-01-15 14:00:00,60,20,12,9
2018-01-15 15:00:00,59,24,5,7
2018-01-15 16:00:00,48,23,8,7
2018-01-15 17:00:00,59,24,6,19
2018-01-15 18:00:00,55,23,8,10
2018-01-15 19:00:00,38,24,8,14
2018-01-15 20:00:00,31,23,14,16
2018-01-15 21:00:00,30,20,11,4
2018-01-15 22:00:00,11,21,5,11
2018-01-15 23:00:00,18,20,7,16
2018-01-16 00:00:00,27,24,7,14
2018-01-16 01:00:00,29,22,8,10
2018-01-16 02:00:00,33,23,13,13
2018-01-16 03:00:00,52,24,14,9
2018-01-16 04:00:00,45,23,7,15
2018-01-16 05:00:00,40,20,6,18
2018-01-16 06:00:00,50,20,10,18
2018-01-16 07:00:00,45,24,13,12
2018-01-16 08:00:00,35,21,8,8
2018-01-16 09:00:00,31,23,12,0
2018-01-16 10:00:00,27,21,14,19
2018-01-16 11:00:00,14,20,6,17
2018-01-16 12:00:00,27,24,11,18
2018-01-16 13:00:00,35,20,12,19
2018-01-16 14:00:00,35,21,11,2
2018-01-16 15:00:00,47,21,6,5
2018-01-16 16:00:00,49,20,14,19
2018-01-16 17:00:00,45,22,5,11
2018-01-16 18:00:00,39,21,9,0
2018-01-16 19:00:00,43,23,13,13
2018-01-16 20:00:00,40,20,9,9
2018-01-16 21:00:00,38,23,6,12
2018-01-16 22:00:00,37,21,8,8
2018-01-16 23:00:00,46,20,11,16
2018-01-17 00:00:00,46,23,13,13
2018-01-17 01:00:00,46,22,11,10
2018-01-17 02:00:00,63,23,14,3
2018-01-17 03:00:00,60,22,13,11
2018-01-17 04:00:00,45,20,9,13
2018-01-17 05:00:00,49,24,14,3
2018-01-17 06:00:00,53,24,12,5
2018-01-17 07:00:00,55,21,13,11
2018-01-17 08:00:00,58,24,8,10
2018-01-17 09:00:00,67,24,11,10
2018-01-17 10:00:00,69,20,11,14
2018-01-17 11:00:00,67,22,12,16
2018-01-17 12:00:00,59,24,10,5
2018-01-17 13:00:00,61,24,6,2
2018-01-17 14:00:00,69,21,13,6
2018-01-17 15:00:00,59,20,11,15
2018-01-17 16:00:00,64,24,14,10
2018-01-17 17:00:00,72,24,8,8
2018-01-17 18:00:00,65,23,11,15
2018-01-17 19:00:00,62,23,13,17
2018-01-17 20:00:00,65,23,8,10
2018-01-17 21:00:00,56,20,13,13
2018-01-17 22:00:00,53,24,12,9
2018-01-17 23:00:00,63,22,7,3
2018-01-18 00:00:00,63,20,13,14
2018-01-18 01:00:00,62,24,7,17
2018-01-18 02:00:00,58,24,9,2
2018-01-18 03:00:00,55,20,12,4
2018-01-18 04:00:00,38,21,8,6
2018-01-18 05:00:00,27,20,14,0
2018-01-18 06:00:00,27,21,14,18
2018-01-18 07:00:00,35,22,5,5
2018-01-18 08:00:00,31,21,12,13
2018-01-18 09:00:00,35,20,7,17
2018-01-18 10:00:00,48,20,14,0
2018-01-18 11:00:00,50,23,12,2
2018-01-18 12:00:00,39,23,13,16
2018-01-18 13:00:00,49,21,13,3
2018-01-18 14:00:00,58,20,8,16
2018-01-18 15:00:00,43,21,5,16
2018-01-18 16:00:00,50,23,13,15
2018-01-18 17:00:00,54,23,8,13
2018-01-18 18:00:00,39,22,11,12
2018-01-18 19:00:00,45,22,7,11
2018-01-18 20:00:00,51,21,10,15
2018-01-18 21:00:00,46,23,8,17
2018-01-18 22:00:00,56,21,6,3
2018-01-18 23:00:00,57,22,7,6
2018-01-19 00:00:00,51,20,7,16
2018-01-19 01:00:00,49,22,9,3
2018-01-19 02:00:00,56,22,9,18
2018-01-19 03:00:00,53,20,8,3
2018-01-19 04:00:00,54,24,12,9
2018-01-19 05:00:00,51,24,8,14
2018-01-19 06:00:00,54,21,5,15
2018-01-19 07:00:00,41,23,11,2
2018-01-19 08:00:00,48,23,10,1
2018-01-19 09:00:00,44,22,11,17
2018-01-19 10:00:00,37,22,5,15
2018-01-19 11:00:00,30,24,13,0
2018-01-19 12:00:00,35,20,8,2
2018-01-19 13:00:00,29,23,8,10
2018-01-19 14:00:00,35,22,10,10
2018-01-19 15:00:00,47,20,6,1
2018-01-19 16:00:00,63,22,10,18
2018-01-19 17:00:00,56,20,7,16
2018-01-19 18:00:00,61,24,12,3
2018-01-19 19:00:00,66,22,11,18
2018-01-19 20:00:00,56,20,12,1
2018-01-19 21:00:00,58,22,9,11
2018-01-19 22:00:00,56,22,13,3
2018-01-19 23:00:00,53,20,5,7
2018-01-20 00:00:00,50,22,11,7
2018-01-20 01:00:00,53,23,10,3
2018-01-20 02:00:00,40,22,7,15
2018-01-20 03:00:00,55,23,9,10
2018-01-20 04:00:00,42,24,7,14
2018-01-20 05:00:00,46,22,9,16
2018-01-20 06:00:00,41,21,9,17
2018-01-20 07:00:00,39,24,7,4
2018-01-20 08:00:00,30,22,5,0
2018-01-20 09:00:00,43,20,10,5
2018-01-20 10:00:00,40,23,14,14
2018-01-20 11:00:00,52,22,12,17
2018-01-20 12:00:00,50,22,5,2
2018-01-20 13:00:00,60,22,5,3
2018-01-20 14:00:00,62,23,12,9
2018-01-20 15:00:00,66,22,11,8
2018-01-20 16:00:00,67,20,11,12
2018-01-20 17:00:00,76,24,5,18
2018-01-20 18:00:00,61,24,10,8
2018-01-20 19:00:00,47,21,6,10
2018-01-20 20:00:00,37,20,13,6
2018-01-20 21:00:00,39,22,13,9
2018-01-20 22:00:00,27,20,8,11
2018-01-20 23:00:00,27,20,5,14
2018-01-21 00:00:00,45,23,9,16
2018-01-21 01:00:00,46,22,8,13
2018-01-21 02:00:00,41,24,5,14
2018-01-21 03:00:00,42,23,10,16
2018-01-21 04:00:00,54,21,7,4
2018-01-21 05:00:00,37,22,9,2
2018-01-21 06:00:00,40,24,10,17
2018-01-21 07:00:00,44,23,6,18
2018-01-21 08:00:00,51,23,6,18
2018-01-21 09:00:00,55,21,5,16
2018-01-21 10:00:00,65,21,8,11
2018-01-21 11:00:00,72,21,6,18
2018-01-21 12:00:00,66,23,13,6
2018-01-21 13:00:00,66,24,5,9
2018-01-21 14:00:00,62,24,11,13
2018-01-21 15:00:00,56,21,5,11
2018-01-21 16:00:00,59,23,13,18
2018-01-21 17:00:00,57,24,11,6
2018-01-21 18:00:00,65,20,7,7
2018-01-21 19:00:00,51,21,10,5
2018-01-21 20:00:00,52,22,10,9
2018-01-21 21:00:00,41,20,8,12
2018-01-21 22:00:00,34,23,8,1
2018-01-21 23:00:00,32,20,13,19
2018-01-22 00:00:00,31,21,11,8
2018-01-22 01:00:00,39,21,12,4
2018-01-22 02:00:00,36,22,14,9
2018-01-22 03:00:00,42,21,11,4
2018-01-22 04:00:00,36,20,12,15
2018-01-22 05:00:00,37,20,8,2
2018-01-22 06:00:00,23,24,5,19
2018-01-22 07:00:00,25,24,8,18
2018-01-22 08:00:00,30,24,12,17
2018-01-22 09:00:00,28,21,14,2
2018-01-22 10:00:00,27,22,11,4
2018-01-22 11:00:00,28,24,7,18
2018-01-22 12:00:00,27,24,10,10
2018-01-22 13:00:00,27,20,14,11
2018-01-22 14:00:00,27,23,9,16
2018-01-22 15:00:00,44,23,9,2
2018-01-22 16:00:00,50,22,13,14
2018-01-22 17:00:00,51,20,13,9
2018-01-22 18:00:00,54,21,7,1
2018-01-22 19:00:00,48,20,12,7
2018-01-22 20:00:00,36,23,14,12
2018-01-22 21:00:00,45,22,14,15
2018-01-22 22:00:00,48,20,12,1
2018-01-22 23:00:00,42,23,9,4
2018-01-23 00:00:00,49,20,9,9
2018-01-23 01:00:00,59,20,13,4
2018-01-23 02:00:00,45,20,6,13
2018-01-23 03:00:00,47,24,13,4
2018-01-23 04:00:00,48,20,6,4
2018-01-23 05:00:00,43,21,14,17
2018-01-23 06:00:00,31,23,10,13
2018-01-23 07:00:00,44,21,6,5
2018-01-23 08:00:00,35,21,5,5
2018-01-23 09:00:00,29,20,8,6
2018-01-23 10:00:00,47,22,12,12
2018-01-23 11:00:00,50,20,14,16
2018-01-23 12:00:00,52,24,7,9
2018-01-23 13:00:00,62,21,11,9
2018-01-23 14:00:00,67,22,8,17
2018-01-23 15:00:00,53,20,13,6
2018-01-23 16:00:00,51,21,5,7
2018-01-23 17:00:00,41,20,10,10
2018-01-23 18:00:00,39,21,6,12
2018-01-23 19:00:00,40,23,14,12
2018-01-23 20:00:00,49,20,9,17
2018-01-23 21:00:00,58,21,7,3
2018-01-23 22:00:00,51,24,6,1
2018-01-23 23:00:00,54,22,14,13
2018-01-24 00:00:00,52,22,11,16
2018-01-24 01:00:00,52,22,12,9
2018-01-24 02:00:00,45,23,11,6
2018-01-24 03:00:00,53,21,6,19
2018-01-24 04:00:00,51,20,7,11
2018-01-24 05:00:00,53,23,9,18
2018-01-24 06:00:00,49,20,6,2
2018-01-24 07:00:00,51,23,10,18
2018-01-24 08:00:00,52,20,13,16
2018-01-24 09:00:00,46,24,14,9
2018-01-24 10:00:00,53,23,5,3
2018-01-24 11:00:00,52,24,12,14
2018-01-24 12:00:00,53,24,5,7
2018-01-24 13:00:00,61,20,14,9
2018-01-24 14:00:00,62,23,6,6
2018-01-24 15:00:00,52,20,7,11
2018-01-24 16:00:00,48,20,14,2
2018-01-24 17:00:00,51,23,11,2
2018-01-24 18:00:00,38,23,14,9
2018-01-24 19:00:00,37,22,5,8
2018-01-24 20:00:00,35,22,7,17
2018-01-24 21:00:00,30,22,13,15
2018-01-24 22:00:00,17,23,12,18
2018-01-24 23:00:00,30,21,14,8
2018-01-25 00:00:00,41,21,5,3
2018-01-25 01:00:00,44,21,8,18
2018-01-25 02:00:00,54,21,13,3
2018-01-25 03:00:00,65,20,9,0
2018-01-25 04:00:00,57,20,13,8
2018-01-25 05:00:00,42,24,13,6
2018-01-25 06:00:00,39,22,13,18
2018-01-25 07:00:00,44,21,6,19
2018-01-25 08:00:00,36,24,8,12
2018-01-25 09:00:00,33,20,8,16
2018-01-25 10:00:00,47,20,6,13
2018-01-25 11:00:00,53,20,13,10
2018-01-25 12:00:00,47,24,11,3
2018-01-25 13:00:00,55,24,6,15
2018-01-25 14:00:00,60,23,8,2
2018-01-25 15:00:00,58,20,7,18
2018-01-25 16:00:00,50,21,12,6
2018-01-25 17:00:00,53,23,9,0
2018-01-25 18:00:00,51,24,14,12
2018-01-25 19:00:00,60,22,12,3
2018-01-25 20:00:00,56,20,10,17
2018-01-25 21:00:00,69,22,11,7
2018-01-25 22:00:00,64,21,13,8
2018-01-25 23:00:00,63,24,8,14
2018-01-26 00:00:00,52,23,7,19
2018-01-26 01:00:00,56,20,6,14
2018-01-26 02:00:00,41,20,14,16
2018-01-26 03:00:00,50,23,11,8
2018-01-26 04:00:00,56,21,11,15
2018-01-26 05:00:00,58,22,10,12
2018-01-26 06:00:00,53,23,9,5
2018-01-26 07:00:00,56,21,10,0
2018-01-26 08:00:00,48,21,13,6
2018-01-26 09:00:00,49,23,12,6
2018-01-26 10:00:00,60,23,9,0
2018-01-26 11:00:00,62,21,6,15
2018-01-26 12:00:00,68,24,6,18
2018-01-26 13:00:00,75,20,13,0
2018-01-26 14:00:00,70,21,13,17
2018-01-26 15:00:00,60,21,10,12
2018-01-26 16:00:00,62,21,10,16
2018-01-26 17:00:00,58,24,12,15
2018-01-26 18:00:00,53,21,8,5
2018-01-26 19:00:00,54,22,13,16
2018-01-26 20:00:00,57,23,11,12
2018-01-26 21:00:00,52,24,13,13
2018-01-26 22:00:00,58,22,8,12
2018-01-26 23:00:00,47,23,11,9
2018-01-27 00:00:00,36,23,8,3
2018-01-27 01:00:00,25,20,10,6
2018-01-27 02:00:00,34,20,12,13
2018-01-27 03:00:00,32,23,9,18
2018-01-27 04:00:00,31,22,12,0
2018-01-27 05:00:00,47,21,12,14
2018-01-27 06:00:00,60,24,13,0
2018-01-27 07:00:00,65,24,6,8
2018-01-27 08:00:00,69,22,14,2
2018-01-27 09:00:00,69,22,11,15
2018-01-27 10:00:00,56,22,6,0
2018-01-27 11:00:00,53,20,7,11
2018-01-27 12:00:00,39,24,12,11
2018-01-27 13:00:00,42,24,7,5
2018-01-27 14:00:00,48,20,13,7
2018-01-27 15:00:00,51,24,13,4
2018-01-27 16:00:00,46,24,11,12
2018-01-27 17:00:00,44,23,13,15
2018-01-27 18:00:00,35,21,7,17
2018-01-27 19:00:00,46,24,9,18
2018-01-27 20:00:00,45,23,13,5
2018-01-27 21:00:00,42,20,5,17
2018-01-27 22:00:00,53,24,14,9
2018-01-27 23:00:00,58,24,12,8
2018-01-28 00:00:00,56,21,11,12
2018-01-28 01:00:00,53,22,8,14
2018-01-28 02:00:00,64,23,11,6
2018-01-28 03:00:00,54,22,5,16
2018-01-28 04:00:00,43,21,8,4
2018-01-28 05:00:00,33,22,8,14
2018-01-28 06:00:00,49,22,10,17
2018-01-28 07:00:00,52,22,7,4
2018-01-28 08:00:00,48,20,9,1
2018-01-28 09:00:00,57,21,6,9
2018-01-28 10:00:00,64,24,6,5
2018-01-28 11:00:00,57,22,14,15
2018-01-28 12:00:00,44,20,5,15
2018-01-28 13:00:00,52,21,13,17
2018-01-28 14:00:00,53,21,11,11
2018-01-28 15:00:00,50,23,6,15
2018-01-28 16:00:00,56,23,14,4
2018-01-28 17:00:00,54,21,6,13
2018-01-28 18:00:00,62,21,6,10
2018-01-28 19:00:00,63,23,13,2
2018-01-28 20:00:00,66,24,5,5
2018-01-28 21:00:00,62,23,7,10
2018-01-28 22:00:00,60,24,5,4
2018-01-28 23:00:00,54,24,10,6
2018-01-29 00:00:00,40,20,14,11
2018-01-29 01:00:00,33,20,11,10
2018-01-29 02:00:00,31,20,11,1
2018-01-29 03:00:00,39,21,11,18
2018-01-29 04:00:00,46,20,6,17
2018-01-29 05:00:00,60,23,8,12
2018-01-29 06:00:00,69,24,5,5
2018-01-29 07:00:00,60,22,14,9
2018-01-29 08:00:00,62,24,11,4
2018-01-29 09:00:00,58,21,11,14
2018-01-29 10:00:00,56,21,11,10
2018-01-29 11:00:00,53,20,13,17
2018-01-29 12:00:00,71,22,6,6
2018-01-29 13:00:00,72,22,6,13
2018-01-29 14:00:00,77,21,5,4
2018-01-29 15:00:00,73,21,14,2
2018-01-29 16:00:00,68,24,6,13
2018-01-29 17:00:00,64,23,13,7
2018-01-29 18:00:00,69,20,5,4
2018-01-29 19:00:00,66,22,14,2
2018-01-29 20:00:00,68,21,14,18
2018-01-29 21:00:00,72,23,6,7
2018-01-29 22:00:00,76,21,13,11
2018-01-29 23:00:00,66,20,13,2
2018-01-30 00:00:00,63,22,13,14
2018-01-30 01:00:00,54,22,8,14
2018-01-30 02:00:00,46,22,11,4
2018-01-30 03:00:00,28,22,10,9
2018-01-30 04:00:00,39,24,8,8
2018-01-30 05:00:00,44,23,11,15
2018-01-30 06:00:00,46,22,10,4
2018-01-30 07:00:00,59,24,8,14
2018-01-30 08:00:00,73,20,9,19
2018-01-30 09:00:00,58,23,10,4
2018-01-30 10:00:00,45,20,13,17
2018-01-30 11:00:00,45,20,6,2
2018-01-30 12:00:00,42,22,14,14
2018-01-30 13:00:00,27,22,9,12
2018-01-30 14:00:00,37,23,6,6
2018-01-30 15:00:00,37,21,5,9
2018-01-30 16:00:00,49,23,10,7
2018-01-30 17:00:00,37,21,13,18
2018-01-30 18:00:00,39,23,8,13
2018-01-30 19:00:00,39,22,13,8
2018-01-30 20:00:00,36,21,9,1
2018-01-30 21:00:00,17,22,8,15
2018-01-30 22:00:00,17,23,7,15
2018-01-30 23:00:00,18,23,13,18
2018-01-31 00:00:00,14,24,9,15
2018-01-31 01:00:00,29,22,5,19
2018-01-31 02:00:00,41,21,12,15
2018-01-31 03:00:00,42,24,10,19
2018-01-31 04:00:00,59,20,7,1
2018-01-31 05:00:00,55,21,11,19
2018-01-31 06:00:00,54,22,13,17
2018-01-31 07:00:00,57,24,14,17
2018-01-31 08:00:00,72,20,5,4
2018-01-31 09:00:00,65,22,6,9
2018-01-31 10:00:00,65,20,14,8
2018-01-31 11:00:00,53,20,8,1
2018-01-31 12:00:00,47,23,11,0
2018-01-31 13:00:00,35,22,10,13
2018-01-31 14:00:00,32,23,6,5
2018-01-31 15:00:00,39,24,9,2
2018-01-31 16:00:00,36,21,12,0
2018-01-31 17:00:00,36,22,12,8
2018-01-31 18:00:00,32,23,5,9
2018-01-31 19:00:00,29,24,8,14
2018-01-31 20:00:00,25,24,10,5
2018-01-31 21:00:00,25,23,12,3
2018-01-31 22:00:00,34,21,14,10
2018-01-31 23:00:00,32,23,5,4
2018-02-01 00:00:00,38,24,10,10
2018-02-01 01:00:00,40,23,5,6
2018-02-01 02:00:00,56,22,8,18
2018-02-01 03:00:00,43,20,11,15
2018-02-01 04:00:00,49,22,7,8
2018-02-01 05:00:00,55,22,14,0
2018-02-01 06:00:00,50,20,9,16
2018-02-01 07:00:00,52,24,6,8
2018-02-01 08:00:00,48,23,13,6
2018-02-01 09:00:00,53,22,11,14
2018-02-01 10:00:00,50,24,5,2
2018-02-01 11:00:00,62,24,8,3
2018-02-01 12:00:00,50,21,13,17
2018-02-01 13:00:00,52,23,8,0
2018-02-01 14:00:00,56,20,8,13
2018-02-01 15:00:00,54,22,14,17
2018-02-01 16:00:00,55,24,12,17
2018-02-01 17:00:00,54,23,10,10
2018-02-01 18:00:00,64,24,10,3
2018-02-01 19:00:00,64,21,9,8
2018-02-01 20:00:00,55,24,10,15
2018-02-01 21:00:00,45,24,12,9
2018-02-01 22:00:00,47,21,7,11
2018-02-01 23:00:00,34,24,9,16
2018-02-02 00:00:00,33,21,5,14
2018-02-02 01:00:00,40,24,7,3
2018-02-02 02:00:00,47,21,7,0
2018-02-02 03:00:00,46,23,14,12
2018-02-02 04:00:00,60,21,6,6
2018-02-02 05:00:00,51,23,8,11
2018-02-02 06:00:00,44,21,7,16
2018-02-02 07:00:00,31,22,7,10
2018-02-02 08:00:00,31,24,6,13
2018-02-02 09:00:00,19,23,5,1
2018-02-02 10:00:00,16,20,5,1
2018-02-02 11:00:00,20,20,14,0
2018-02-02 12:00:00,37,23,5,0
2018-02-02 13:00:00,39,20,11,8
2018-02-02 14:00:00,46,20,11,3
2018-02-02 15:00:00,63,20,7,12
2018-02-02 16:00:00,57,24,9,0
2018-02-02 17:00:00,56,21,10,6
2018-02-02 18:00:00,56,23,6,1
2018-02-02 19:00:00,57,23,14,7
2018-02-02 20:00:00,52,22,10,18
2018-02-02 21:00:00,69,24,13,0
2018-02-02 22:00:00,69,24,6,15
2018-02-02 23:00:00,61,21,14,11
2018-02-03 00:00:00,69,22,10,10
2018-02-03 01:00:00,65,24,8,11
2018-02-03 02:00:00,64,20,13,1
2018-02-03 03:00:00,60,24,5,10
2018-02-03 04:00:00,74,23,7,12
2018-02-03 05:00:00,66,20,14,0
2018-02-03 06:00:00,58,22,14,10
2018-02-03 07:00:00,52,20,11,3
2018-02-03 08:00:00,44,23,12,4
2018-02-03 09:00:00,46,20,9,10
2018-02-03 10:00:00,45,22,12,9
2018-02-03 11:00:00,52,20,11,0
2018-02-03 12:00:00,48,22,12,18
2018-02-03 13:00:00,50,22,5,17
2018-02-03 14:00:00,31,22,13,1
2018-02-03 15:00:00,36,21,7,14
2018-02-03 16:00:00,40,23,9,3
2018-02-03 17:00:00,35,21,10,16
2018-02-03 18:00:00,37,24,8,12
2018-02-03 19:00:00,49,22,6,10
2018-02-03 20:00:00,39,24,12,0
2018-02-03 21:00:00,38,21,14,18
2018-02-03 22:00:00,40,23,10,11
2018-02-03 23:00:00,49,23,9,3
2018-02-04 00:00:00,50,20,8,19
2018-02-04 01:00:00,64,20,7,11
2018-02-04 02:00:00,56,20,7,3
2018-02-04 03:00:00,59,23,14,4
2018-02-04 04:00:00,54,20,9,19
2018-02-04 05:00:00,59,23,14,19
2018-02-04 06:00:00,55,20,12,12
2018-02-04 07:00:00,55,22,6,2
2018-02-04 08:00:00,50,22,12,1
2018-02-04 09:00:00,43,20,14,16
2018-02-04 10:00:00,26,20,10,3
2018-02-04 11:00:00,32,20,5,17
2018-02-04 12:00:00,36,21,10,17
2018-02-04 13:00:00,47,24,14,1
2018-02-04 14:00:00,57,23,6,13
2018-02-04 15:00:00,63,20,14,7
2018-02-04 16:00:00,49,21,12,7
2018-02-04 17:00:00,49,22,9,10
2018-02-04 18:00:00,45,24,8,8
2018-02-04 19:00:00,34,20,14,10
2018-02-04 20:00:00,28,24,9,10
2018-02-04 21:00:00,37,23,12,12
2018-02-04 22:00:00,40,22,5,19
2018-02-04 23:00:00,44,23,12,15
2018-02-05 00:00:00,46,21,10,3
2018-02-05 01:00:00,54,20,7,19
2018-02-05 02:00:00,48,21,5,15
2018-02-05 03:00:00,55,24,11,18
2018-02-05 04:00:00,58,24,8,3
2018-02-05 05:00:00,57,24,11,16
2018-02-05 06:00:00,65,22,5,10
2018-02-05 07:00:00,65,21,7,8
2018-02-05 08:00:00,64,22,13,7
2018-02-05 09:00:00,59,20,7,3
2018-02-05 10:00:00,63,20,6,6
2018-02-05 11:00:00,48,20,9,17
2018-02-05 12:00:00,47,23,9,13
2018-02-05 13:00:00,45,22,13,15
2018-02-05 14:00:00,37,23,10,8
2018-02-05 15:00:00,37,20,9,6
2018-02-05 16:00:00,39,23,7,11
2018-02-05 17:00:00,42,22,11,11
2018-02-05 18:00:00,47,21,10,19
2018-02-05 19:00:00,51,24,7,18
2018-02-05 20:00:00,61,20,10,11
2018-02-05 21:00:00,67,24,7,8
2018-02-05 22:00:00,60,21,12,13
2018-02-05 23:00:00,48,23,7,10
2018-02-06 00:00:00,59,21,6,3
2018-02-06 01:00:00,57,22,9,9
2018-02-06 02:00:00,59,21,7,15
2018-02-06 03:00:00,67,22,6,1
2018-02-06 04:00:00,76,24,11,4
2018-02-06 05:00:00,66,20,9,7
2018-02-06 06:00:00,50,21,9,11
2018-02-06 07:00:00,41,21,12,18
2018-02-06 08:00:00,36,22,6,9
2018-02-06 09:00:00,24,22,5,8
2018-02-06 10:00:00,16,20,6,1
2018-02-06 11:00:00,21,24,10,4
2018-02-06 12:00:00,27,24,7,10
2018-02-06 13:00:00,28,20,10,14
2018-02-06 14:00:00,24,23,5,10
2018-02-06 15:00:00,40,24,14,16
2018-02-06 16:00:00,35,21,9,15
2018-02-06 17:00:00,44,22,10,19
2018-02-06 18:00:00,54,22,13,14
2018-02-06 19:00:00,68,23,5,4
2018-02-06 20:00:00,61,23,12,15
2018-02-06 21:00:00,69,20,13,13
2018-02-06 22:00:00,67,24,13,4
2018-02-06 23:00:00,69,20,14,8
2018-02-07 00:00:00,64,22,13,4
2018-02-07 01:00:00,73,24,14,5
2018-02-07 02:00:00,84,20,5,1
2018-02-07 03:00:00,78,21,7,9
2018-02-07 04:00:00,70,24,7,5
2018-02-07 05:00:00,62,24,8,4
2018-02-07 06:00:00,44,20,12,14
2018-02-07 07:00:00,31,21,12,14
2018-02-07 08:00:00,28,21,10,2
2018-02-07 09:00:00,25,22,5,6
2018-02-07 10:00:00,25,24,14,10
2018-02-07 11:00:00,32,24,12,17
2018-02-07 12:00:00,32,24,13,4
2018-02-07 13:00:00,41,22,13,0
2018-02-07 14:00:00,52,22,5,10
2018-02-07 15:00:00,58,23,12,5
2018-02-07 16:00:00,53,23,8,7
2018-02-07 17:00:00,66,22,6,1
2018-02-07 18:00:00,56,22,5,10
2018-02-07 19:00:00,54,24,8,13
2018-02-07 20:00:00,67,23,6,0
2018-02-07 21:00:00,73,20,9,12
2018-02-07 22:00:00,72,23,14,0
2018-02-07 23:00:00,79,22,14,16
2018-02-08 00:00:00,80,22,14,15
2018-02-08 01:00:00,63,24,7,5
2018-02-08 02:00:00,53,21,7,0
2018-02-08 03:00:00,45,20,8,14
2018-02-08 04:00:00,30,23,7,8
2018-02-08 05:00:00,26,20,6,8
2018-02-08 06:00:00,39,20,8,2
2018-02-08 07:00:00,53,24,6,9
2018-02-08 08:00:00,55,21,9,15
2018-02-08 09:00:00,59,20,12,16
2018-02-08 10:00:00,66,23,5,17
2018-02-08 11:00:00,59,24,8,14
2018-02-08 12:00:00,53,24,12,18
2018-02-08 13:00:00,60,23,9,3
2018-02-08 14:00:00,60,22,12,7
2018-02-08 15:00:00,46,24,10,10
2018-02-08 16:00:00,55,23,7,2
2018-02-08 17:00:00,48,21,10,3
2018-02-08 18:00:00,31,20,6,17
2018-02-08 19:00:00,29,21,13,1
2018-02-08 20:00:00,41,24,14,10
2018-02-08 21:00:00,40,20,8,12
2018-02-08 22:00:00,46,22,13,6
2018-02-08 23:00:00,48,20,12,2
2018-02-09 00:00:00,48,24,5,6
2018-02-09 01:00:00,43,22,12,17
2018-02-09 02:00:00,41,23,6,4
2018-02-09 03:00:00,44,23,13,3
2018-02-09 04:00:00,47,21,14,15
2018-02-09 05:00:00,46,24,10,3
2018-02-09 06:00:00,48,21,11,15
2018-02-09 07:00:00,49,24,12,8
2018-02-09 08:00:00,51,21,10,18
2018-02-09 09:00:00,55,23,5,17
2018-02-09 10:00:00,73,20,8,12
2018-02-09 11:00:00,63,22,5,2
2018-02-09 12:00:00,66,22,10,5
2018-02-09 13:00:00,54,24,6,5
2018-02-09 14:00:00,59,22,8,1
2018-02-09 15:00:00,42,23,6,9
2018-02-09 16:00:00,44,24,11,7
2018-02-09 17:00:00,33,23,7,16
2018-02-09 18:00:00,32,21,6,19
2018-02-09 19:00:00,23,22,14,17
2018-02-09 20:00:00,38,22,13,14
2018-02-09 21:00:00,29,21,11,9
2018-02-09 22:00:00,32,24,7,14
2018-02-09 23:00:00,47,24,9,9
2018-02-10 00:00:00,49,23,5,10
2018-02-10 01:00:00,43,23,13,13
2018-02-10 02:00:00,50,24,8,7
2018-02-10 03:00:00,51,21,14,9
2018-02-10 04:00:00,54,24,6,0
2018-02-10 05:00:00,57,23,6,6
2018-02-10 06:00:00,55,22,7,18
2018-02-10 07:00:00,59,22,7,19
2018-02-10 08:00:00,67,20,14,2
2018-02-10 09:00:00,50,22,10,9
2018-02-10 10:00:00,43,24,7,12
2018-02-10 11:00:00,47,20,12,2
2018-02-10 12:00:00,51,20,10,15
2018-02-10 13:00:00,52,23,14,16
2018-02-10 14:00:00,67,24,14,13
2018-02-10 15:00:00,67,22,5,19
2018-02-10 16:00:00,68,24,12,7
2018-02-10 17:00:00,67,21,13,7
2018-02-10 18:00:00,50,23,14,16
2018-02-10 19:00:00,41,23,5,17
2018-02-10 20:00:00,52,24,5,8
2018-02-10 21:00:00,41,22,5,11
2018-02-10 22:00:00,44,22,9,2
2018-02-10 23:00:00,56,22,10,16
2018-02-11 00:00:00,60,20,13,16
2018-02-11 01:00:00,64,22,13,7
2018-02-11 02:00:00,63,22,13,17
2018-02-11 03:00:00,53,24,9,13
2018-02-11 04:00:00,56,22,5,5
2018-02-11 05:00:00,63,20,11,4
2018-02-11 06:00:00,47,23,6,0
2018-02-11 07:00:00,61,22,5,9
2018-02-11 08:00:00,71,21,8,13
2018-02-11 09:00:00,67,24,14,3
2018-02-11 10:00:00,50,20,13,9
2018-02-11 11:00:00,56,22,8,11
2018-02-11 12:00:00,51,23,9,14
2018-02-11 13:00:00,36,23,8,7
2018-02-11 14:00:00,27,20,13,15
2018-02-11 15:00:00,30,20,12,11
2018-02-11 16:00:00,38,24,9,2
2018-02-11 17:00:00,42,24,6,0
2018-02-11 18:00:00,52,21,8,6
2018-02-11 19:00:00,60,20,10,3
2018-02-11 20:00:00,74,20,11,17
2018-02-11 21:00:00,68,24,10,9
2018-02-11 22:00:00,72,20,9,4
2018-02-11 23:00:00,66,24,10,18
2018-02-12 00:00:00,64,21,8,4
2018-02-12 01:00:00,64,24,5,3
2018-02-12 02:00:00,64,21,5,5
2018-02-12 03:00:00,48,24,10,10
2018-02-12 04:00:00,52,24,10,15
2018-02-12 05:00:00,50,23,9,1
2018-02-12 06:00:00,41,20,8,0
2018-02-12 07:00:00,46,21,10,1
2018-02-12 08:00:00,50,24,6,8
2018-02-12 09:00:00,49,20,11,17
2018-02-12 10:00:00,54,24,7,1
2018-02-12 11:00:00,49,20,8,7
2018-02-12 12:00:00,46,21,8,8
2018-02-12 13:00:00,48,22,12,16
2018-02-12 14:00:00,56,21,5,6
2018-02-12 15:00:00,53,23,6,4
2018-02-12 16:00:00,64,21,7,7
2018-02-12 17:00:00,71,21,10,3
2018-02-12 18:00:00,65,24,5,17
2018-02-12 19:00:00,62,24,5,16
2018-02-12 20:00:00,58,23,13,14
2018-02-12 21:00:00,44,23,9,16
2018-02-12 22:00:00,26,22,13,6
2018-02-12 23:00:00,26,23,9,19
2018-02-13 00:00:00,12,21,14,5
2018-02-13 01:00:00,27,22,6,5
2018-02-13 02:00:00,34,23,12,10
2018-02-13 03:00:00,38,21,11,18
2018-02-13 04:00:00,47,24,10,5
2018-02-13 05:00:00,56,20,14,17
2018-02-13 06:00:00,37,23,7,3
2018-02-13 07:00:00,32,24,13,13
2018-02-13 08:00:00,37,21,9,17
2018-02-13 09:00:00,39,20,14,13
2018-02-13 10:00:00,40,24,13,7
2018-02-13 11:00:00,42,21,5,14
2018-02-13 12:00:00,40,22,6,6
2018-02-13 13:00:00,38,20,10,13
2018-02-13 14:00:00,28,21,8,1
2018-02-13 15:00:00,34,24,10,1
2018-02-13 16:00:00,39,24,7,14
2018-02-13 17:00:00,44,22,11,16
2018-02-13 18:00:00,45,23,8,19
2018-02-13 19:00:00,47,24,13,0
2018-02-13 20:00:00,30,21,10,4
2018-02-13 21:00:00,42,23,9,12
2018-02-13 22:00:00,48,24,11,0
2018-02-13 23:00:00,48,23,10,7
2018-02-14 00:00:00,48,21,11,16
2018-02-14 01:00:00,58,21,5,8
2018-02-14 02:00:00,53,21,11,12
2018-02-14 03:00:00,48,22,11,11
2018-02-14 04:00:00,47,24,11,17
2018-02-14 05:00:00,54,20,10,19
2018-02-14 06:00:00,51,20,10,8
2018-02-14 07:00:00,49,23,10,12
2018-02-14 08:00:00,48,24,6,18
2018-02-14 09:00:00,43,20,9,11
2018-02-14 10:00:00,34,23,10,10
2018-02-14 11:00:00,33,23,11,18
2018-02-14 12:00:00,29,20,13,6
2018-02-14 13:00:00,41,24,12,11
2018-02-14 14:00:00,39,23,8,16
2018-02-14 15:00:00,46,22,8,7
2018-02-14 16:00:00,45,21,13,11
2018-02-14 17:00:00,47,24,14,7
2018-02-14 18:00:00,37,24,8,10
2018-02-14 19:00:00,45,21,5,0
2018-02-14 20:00:00,36,24,12,13
2018-02-14 21:00:00,37,21,10,15
2018-02-14 22:00:00,33,24,13,16
2018-02-14 23:00:00,40,22,5,8
2018-02-15 00:00:00,44,24,11,3
2018-02-15 01:00:00,48,24,12,9
2018-02-15 02:00:00,44,21,7,18
2018-02-15 03:00:00,49,22,6,16
2018-02-15 04:00:00,45,23,9,0
2018-02-15 05:00:00,33,21,12,7
2018-02-15 06:00:00,41,22,10,2
2018-02-15 07:00:00,53,23,12,5
2018-02-15 08:00:00,62,21,11,6
2018-02-15 09:00:00,53,21,8,18
2018-02-15 10:00:00,61,24,11,17
2018-02-15 11:00:00,63,23,10,12
2018-02-15 12:00:00,51,20,7,2
2018-02-15 13:00:00,48,22,5,9
2018-02-15 14:00:00,64,23,11,18
2018-02-15 15:00:00,58,23,14,19
2018-02-15 16:00:00,42,21,12,4
2018-02-15 17:00:00,53,20,12,10
2018-02-15 18:00:00,51,20,6,10
2018-02-15 19:00:00,49,20,6,19
2018-02-15 20:00:00,64,24,8,8
2018-02-15 21:00:00,64,24,12,5
2018-02-15 22:00:00,62,20,12,15
2018-02-15 23:00:00,56,24,5,8
2018-02-16 00:00:00,45,21,6,0
2018-02-16 01:00:00,28,24,7,12
2018-02-16 02:00:00,40,22,14,2
2018-02-16 03:00:00,29,24,9,11
2018-02-16 04:00:00,38,24,14,0
2018-02-16 05:00:00,33,24,12,14
2018-02-16 06:00:00,41,23,8,18
2018-02-16 07:00:00,42,20,13,0
2018-02-16 08:00:00,44,20,7,4
2018-02-16 09:00:00,38,24,8,4
2018-02-16 10:00:00,56,20,7,17
2018-02-16 11:00:00,52,22,9,18
2018-02-16 12:00:00,42,20,9,1
2018-02-16 13:00:00,57,22,12,3
2018-02-16 14:00:00,53,24,10,11
2018-02-16 15:00:00,41,20,9,8
2018-02-16 16:00:00,50,21,14,5
2018-02-16 17:00:00,54,24,11,3
2018-02-16 18:00:00,54,20,10,18
2018-02-16 19:00:00,64,21,11,15
2018-02-16 20:00:00,74,21,6,5
2018-02-16 21:00:00,64,22,6,10
2018-02-16 22:00:00,59,20,12,12
2018-02-16 23:00:00,53,20,7,2
2018-02-17 00:00:00,45,23,13,5
2018-02-17 01:00:00,39,22,13,8
2018-02-17 02:00:00,44,21,9,7
2018-02-17 03:00:00,56,24,8,11
2018-02-17 04:00:00,50,23,13,4
2018-02-17 05:00:00,49,22,7,4
2018-02-17 06:00:00,43,24,13,9
2018-02-17 07:00:00,49,22,12,14
2018-02-17 08:00:00,41,23,6,8
2018-02-17 09:00:00,45,20,5,15
2018-02-17 10:00:00,42,23,14,0
2018-02-17 11:00:00,45,22,14,15
2018-02-17 12:00:00,43,20,14,0
2018-02-17 13:00:00,51,20,5,18
2018-02-17 14:00:00,61,20,14,7
2018-02-17 15:00:00,69,23,10,6
2018-02-17 16:00:00,68,21,10,4
2018-02-17 17:00:00,68,21,5,19
2018-02-17 18:00:00,54,21,12,12
2018-02-17 19:00:00,37,21,8,16
2018-02-17 20:00:00,29,23,10,18
2018-02-17 21:00:00,35,24,12,11
2018-02-17 22:00:00,38,21,5,8
2018-02-17 23:00:00,38,20,8,2
2018-02-18 00:00:00,43,21,5,19
2018-02-18 01:00:00,41,23,11,17
2018-02-18 02:00:00,31,22,9,17
2018-02-18 03:00:00,19,24,7,0
2018-02-18 04:00:00,23,21,13,8
2018-02-18 05:00:00,19,22,7,14
2018-02-18 06:00:00,16,24,7,11
2018-02-18 07:00:00,15,20,10,4
2018-02-18 08:00:00,28,24,8,3
2018-02-18 09:00:00,32,24,7,8
2018-02-18 10:00:00,42,24,11,3
2018-02-18 11:00:00,44,20,7,1
2018-02-18 12:00:00,58,24,9,17
2018-02-18 13:00:00,58,20,11,13
2018-02-18 14:00:00,67,21,10,7
2018-02-18 15:00:00,59,20,13,7
2018-02-18 16:00:00,73,24,10,16
2018-02-18 17:00:00,65,23,7,17
2018-02-18 18:00:00,65,23,13,6
2018-02-18 19:00:00,65,23,13,2
2018-02-18 20:00:00,64,24,13,9
2018-02-18 21:00:00,52,23,8,14
2018-02-18 22:00:00,56,21,7,15
2018-02-18 23:00:00,44,22,14,4
2018-02-19 00:00:00,41,21,9,18
2018-02-19 01:00:00,38,21,14,16
2018-02-19 02:00:00,42,20,10,7
2018-02-19 03:00:00,42,22,13,18
2018-02-19 04:00:00,46,21,8,8
2018-02-19 05:00:00,32,22,6,13
2018-02-19 06:00:00,41,21,10,16
2018-02-19 07:00:00,46,21,12,5
2018-02-19 08:00:00,42,24,11,18
2018-02-19 09:00:00,42,23,12,4
2018-02-19 10:00:00,59,21,6,8
2018-02-19 11:00:00,53,20,7,14
2018-02-19 12:00:00,48,24,7,10
2018-02-19 13:00:00,50,20,8,15
2018-02-19 14:00:00,46,23,9,7
2018-02-19 15:00:00,31,20,11,5
2018-02-19 16:00:00,33,21,6,5
2018-02-19 17:00:00,28,20,10,1
2018-02-19 18:00:00,23,20,6,15
2018-02-19 19:00:00,31,23,14,4
2018-02-19 20:00:00,29,21,11,12
2018-02-19 21:00:00,34,23,5,17
2018-02-19 22:00:00,33,20,11,8
2018-02-19 23:00:00,42,20,13,7
2018-02-20 00:00:00,27,20,9,5
2018-02-20 01:00:00,32,23,9,7
2018-02-20 02:00:00,27,20,7,2
2018-02-20 03:00:00,39,22,9,13
2018-02-20 04:00:00,34,22,5,15
2018-02-20 05:00:00,39,20,13,10
2018-02-20 06:00:00,47,21,5,10
2018-02-20 07:00:00,50,23,13,4
2018-02-20 08:00:00,40,20,6,4
2018-02-20 09:00:00,36,21,13,5
2018-02-20 10:00:00,32,24,14,14
2018-02-20 11:00:00,20,24,11,17
2018-02-20 12:00:00,28,24,14,3
2018-02-20 13:00:00,32,21,7,6
2018-02-20 14:00:00,29,20,12,14
2018-02-20 15:00:00,39,21,10,9
2018-02-20 16:00:00,53,20,5,15
2018-02-20 17:00:00,40,24,14,5
2018-02-20 18:00:00,47,23,6,0
2018-02-20 19:00:00,52,24,10,0
2018-02-20 20:00:00,52,22,11,11
2018-02-20 21:00:00,44,24,13,5
2018-02-20 22:00:00,48,21,10,5
2018-02-20 23:00:00,36,20,11,8
2018-02-21 00:00:00,32,20,9,4
2018-02-21 01:00:00,41,21,14,4
2018-02-21 02:00:00,35,23,11,12
2018-02-21 03:00:00,37,24,9,14
2018-02-21 04:00:00,53,22,12,15
2018-02-21 05:00:00,63,21,11,16
2018-02-21 06:00:00,54,21,6,11
2018-02-21 07:00:00,61,21,8,1
2018-02-21 08:00:00,68,21,11,0
2018-02-21 09:00:00,49,24,13,5
2018-02-21 10:00:00,58,23,10,12
2018-02-21 11:00:00,54,21,6,12
2018-02-21 12:00:00,53,21,6,14
2018-02-21 13:00:00,42,20,13,1
2018-02-21 14:00:00,50,23,14,14
2018-02-21 15:00:00,37,23,7,1
2018-02-21 16:00:00,49,20,5,16
2018-02-21 17:00:00,57,22,11,4
2018-02-21 18:00:00,58,20,13,1
2018-02-21 19:00:00,63,24,13,11
2018-02-21 20:00:00,73,21,10,2
2018-02-21 21:00:00,65,24,11,11
2018-02-21 22:00:00,59,22,6,8
2018-02-21 23:00:00,60,20,9,16
2018-02-22 00:00:00,55,23,8,1
2018-02-22 01:00:00,47,22,13,8
2018-02-22 02:00:00,38,20,9,4
2018-02-22 03:00:00,37,22,9,10
2018-02-22 04:00:00,35,24,5,6
2018-02-22 05:00:00,26,20,10,1
2018-02-22 06:00:00,19,21,6,19
2018-02-22 07:00:00,23,22,13,15
2018-02-22 08:00:00,22,24,7,9
2018-02-22 09:00:00,28,20,7,0
2018-02-22 10:00:00,40,24,5,12
2018-02-22 11:00:00,55,21,7,6
2018-02-22 12:00:00,64,21,14,15
2018-02-22 13:00:00,69,21,9,7
2018-02-22 14:00:00,77,24,5,2
2018-02-22 15:00:00,67,21,10,0
2018-02-22 16:00:00,56,24,6,15
2018-02-22 17:00:00,54,24,10,15
2018-02-22 18:00:00,57,20,12,6
2018-02-22 19:00:00,46,24,6,18
2018-02-22 20:00:00,56,21,7,16
2018-02-22 21:00:00,60,21,7,0
2018-02-22 22:00:00,50,24,6,5
2018-02-22 23:00:00,39,23,9,4
2018-02-23 00:00:00,35,23,13,9
2018-02-23 01:00:00,41,21,9,15
2018-02-23 02:00:00,48,24,14,13
2018-02-23 03:00:00,50,21,7,18
2018-02-23 04:00:00,63,21,11,9
2018-02-23 05:00:00,80,24,14,4
2018-02-23 06:00:00,74,21,5,9
2018-02-23 07:00:00,61,22,6,8
2018-02-23 08:00:00,59,22,14,8
2018-02-23 09:00:00,49,23,10,13
2018-02-23 10:00:00,36,23,12,17
2018-02-23 11:00:00,36,24,8,2
2018-02-23 12:00:00,46,22,12,9
2018-02-23 13:00:00,56,21,7,10
2018-02-23 14:00:00,51,22,13,4
2018-02-23 15:00:00,50,21,12,9
2018-02-23 16:00:00,55,21,9,9
2018-02-23 17:00:00,48,21,9,15
2018-02-23 18:00:00,40,23,10,16
2018-02-23 19:00:00,49,22,5,2
2018-02-23 20:00:00,52,20,9,14
2018-02-23 21:00:00,47,21,9,17
2018-02-23 22:00:00,56,23,13,7
2018-02-23 23:00:00,60,20,14,3
2018-02-24 00:00:00,56,21,11,5
2018-02-24 01:00:00,68,22,6,17
2018-02-24 02:00:00,58,24,10,9
2018-02-24 03:00:00,49,20,6,6
2018-02-24 04:00:00,41,23,7,13
2018-02-24 05:00:00,35,20,8,15
2018-02-24 06:00:00,23,22,7,0
2018-02-24 07:00:00,35,21,13,3
2018-02-24 08:00:00,40,23,6,13
2018-02-24 09:00:00,51,24,13,19
2018-02-24 10:00:00,52,21,12,19
2018-02-24 11:00:00,61,21,12,2
2018-02-24 12:00:00,53,22,13,17
2018-02-24 13:00:00,56,21,8,19
2018-02-24 14:00:00,53,22,13,2
2018-02-24 15:00:00,53,20,10,1
2018-02-24 16:00:00,42,21,9,16
2018-02-24 17:00:00,38,20,9,16
2018-02-24 18:00:00,28,24,14,10
2018-02-24 19:00:00,34,21,7,0
2018-02-24 20:00:00,38,23,8,4
2018-02-24 21:00:00,39,24,7,2
2018-02-24 22:00:00,47,20,14,5
2018-02-24 23:00:00,46,20,7,14
2018-02-25 00:00:00,50,20,13,1
2018-02-25 01:00:00,56,24,9,5
2018-02-25 02:00:00,65,24,12,0
2018-02-25 03:00:00,70,20,5,8
2018-02-25 04:00:00,74,23,13,11
2018-02-25 05:00:00,71,20,7,14
2018-02-25 06:00:00,66,21,8,5
2018-02-25 07:00:00,64,22,8,15
2018-02-25 08:00:00,50,21,12,10
2018-02-25 09:00:00,53,21,9,17
2018-02-25 10:00:00,53,24,14,6
2018-02-25 11:00:00,46,21,5,16
2018-02-25 12:00:00,50,22,13,15
2018-02-25 13:00:00,64,24,7,8
2018-02-25 14:00:00,54,20,10,14
2018-02-25 15:00:00,40,20,7,2
2018-02-25 16:00:00,52,22,9,12
2018-02-25 17:00:00,38,20,9,13
2018-02-25 18:00:00,37,21,5,18
2018-02-25 19:00:00,53,21,11,0
2018-02-25 20:00:00,51,23,13,19
2018-02-25 21:00:00,55,20,14,7
2018-02-25 22:00:00,62,21,5,0
2018-02-25 23:00:00,63,23,11,11
2018-02-26 00:00:00,63,21,5,17
2018-02-26 01:00:00,70,22,6,7
2018-02-26 02:00:00,70,23,9,15
2018-02-26 03:00:00,61,20,11,16
2018-02-26 04:00:00,49,23,14,15
2018-02-26 05:00:00,34,20,14,13
2018-02-26 06:00:00,35,23,9,6
2018-02-26 07:00:00,35,23,14,1
2018-02-26 08:00:00,52,22,14,14
2018-02-26 09:00:00,51,22,11,8
2018-02-26 10:00:00,65,21,10,1
2018-02-26 11:00:00,68,23,7,11
2018-02-26 12:00:00,56,24,6,18
2018-02-26 13:00:00,42,22,14,7
2018-02-26 14:00:00,56,20,11,12
2018-02-26 15:00:00,51,20,11,1
2018-02-26 16:00:00,56,23,13,15
2018-02-26 17:00:00,56,23,9,3
2018-02-26 18:00:00,58,21,8,12
2018-02-26 19:00:00,59,23,9,19
2018-02-26 20:00:00,68,20,9,15
2018-02-26 21:00:00,70,21,8,0
2018-02-26 22:00:00,80,20,8,8
2018-02-26 23:00:00,88,20,12,6
2018-02-27 00:00:00,80,21,6,5
2018-02-27 01:00:00,61,20,5,10
2018-02-27 02:00:00,58,23,8,15
2018-02-27 03:00:00,58,23,9,8
2018-02-27 04:00:00,53,20,9,5
2018-02-27 05:00:00,53,24,11,3
2018-02-27 06:00:00,53,22,8,4
2018-02-27 07:00:00,37,24,13,16
2018-02-27 08:00:00,35,23,8,5
2018-02-27 09:00:00,30,22,9,1
2018-02-27 10:00:00,27,20,9,2
2018-02-27 11:00:00,34,24,5,6
2018-02-27 12:00:00,46,24,6,7
2018-02-27 13:00:00,42,21,7,18
2018-02-27 14:00:00,51,24,5,3
2018-02-27 15:00:00,60,21,14,18
2018-02-27 16:00:00,62,24,7,14
2018-02-27 17:00:00,56,21,13,18
2018-02-27 18:00:00,59,24,5,0
2018-02-27 19:00:00,58,23,7,7
2018-02-27 20:00:00,59,21,7,4
2018-02-27 21:00:00,58,21,11,18
2018-02-27 22:00:00,58,22,6,19
2018-02-27 23:00:00,67,22,12,18
2018-02-28 00:00:00,65,22,6,2
2018-02-28 01:00:00,51,23,14,19
2018-02-28 02:00:00,54,23,8,11
2018-02-28 03:00:00,50,21,8,7
2018-02-28 04:00:00,32,20,9,2
2018-02-28 05:00:00,20,20,7,2
2018-02-28 06:00:00,32,20,14,0
2018-02-28 07:00:00,32,21,12,18
2018-02-28 08:00:00,42,22,13,1
2018-02-28 09:00:00,53,21,11,2
2018-02-28 10:00:00,72,20,8,9
2018-02-28 11:00:00,66,21,9,15
2018-02-28 12:00:00,73,20,8,7
2018-02-28 13:00:00,76,23,14,10
2018-02-28 14:00:00,81,24,10,4
2018-02-28 15:00:00,62,24,14,13
2018-02-28 16:00:00,65,20,13,6
2018-02-28 17:00:00,50,22,8,0
2018-02-28 18:00:00,45,21,7,3
2018-02-28 19:00:00,45,21,13,3
2018-02-28 20:00:00,57,23,10,2
2018-02-28 21:00:00,44,23,11,1
2018-02-28 22:00:00,49,24,8,3
2018-02-28 23:00:00,57,22,5,19
2018-03-01 00:00:00,53,20,13,0
2018-03-01 01:00:00,41,22,9,15
2018-03-01 02:00:00,48,23,14,16
2018-03-01 03:00:00,55,22,7,12
2018-03-01 04:00:00,44,22,10,15
2018-03-01 05:00:00,45,22,5,13
2018-03-01 06:00:00,46,21,8,12
2018-03-01 07:00:00,40,22,11,2
2018-03-01 08:00:00,43,24,9,10
2018-03-01 09:00:00,51,24,9,8
2018-03-01 10:00:00,55,24,10,18
2018-03-01 11:00:00,60,20,14,19
2018-03-01 12:00:00,73,20,6,0
2018-03-01 13:00:00,71,23,14,10
2018-03-01 14:00:00,58,22,13,3
2018-03-01 15:00:00,54,20,13,5
2018-03-01 16:00:00,57,22,14,11
2018-03-01 17:00:00,51,23,14,18
2018-03-01 18:00:00,48,23,7,10
2018-03-01 19:00:00,64,22,6,4
2018-03-01 20:00:00,57,22,12,4
2018-03-01 21:00:00,48,22,14,2
2018-03-01 22:00:00,52,22,13,2
2018-03-01 23:00:00,55,22,12,4
2018-03-02 00:00:00,36,22,13,5
2018-03-02 01:00:00,40,20,12,12
2018-03-02 02:00:00,42,22,14,5
2018-03-02 03:00:00,36,20,6,19
2018-03-02 04:00:00,22,22,7,11
2018-03-02 05:00:00,30,24,10,4
2018-03-02 06:00:00,19,20,7,12
2018-03-02 07:00:00,21,23,8,10
2018-03-02 08:00:00,18,21,6,19
2018-03-02 09:00:00,34,23,11,6
2018-03-02 10:00:00,34,22,9,2
2018-03-02 11:00:00,49,22,6,5
2018-03-02 12:00:00,57,21,9,8
2018-03-02 13:00:00,67,20,9,0
2018-03-02 14:00:00,57,24,8,2
2018-03-02 15:00:00,50,20,12,8
2018-03-02 16:00:00,50,24,7,9
2018-03-02 17:00:00,54,21,10,18
2018-03-02 18:00:00,56,21,10,9
2018-03-02 19:00:00,61,22,7,14
2018-03-02 20:00:00,60,24,9,6
2018-03-02 21:00:00,55,21,9,1
2018-03-02 22:00:00,55,22,8,4
2018-03-02 23:00:00,42,23,5,1
2018-03-03 00:00:00,38,23,12,0
2018-03-03 01:00:00,47,24,10,12
2018-03-03 02:00:00,44,20,12,5
2018-03-03 03:00:00,48,24,10,10
2018-03-03 04:00:00,55,23,6,12
2018-03-03 05:00:00,50,22,12,16
2018-03-03 06:00:00,53,20,7,7
2018-03-03 07:00:00,51,20,5,0
2018-03-03 08:00:00,47,24,9,16
2018-03-03 09:00:00,37,20,11,3
2018-03-03 10:00:00,39,20,12,3
2018-03-03 11:00:00,29,24,14,15
2018-03-03 12:00:00,36,20,13,7
2018-03-03 13:00:00,35,20,13,18
2018-03-03 14:00:00,35,20,10,12
2018-03-03 15:00:00,37,24,12,0
2018-03-03 16:00:00,43,21,14,12
2018-03-03 17:00:00,35,21,11,19
2018-03-03 18:00:00,35,23,13,3
2018-03-03 19:00:00,46,24,13,19
2018-03-03 20:00:00,47,21,6,5
2018-03-03 21:00:00,38,23,13,7
2018-03-03 22:00:00,47,22,5,18
2018-03-03 23:00:00,38,23,5,4
2018-03-04 00:00:00,34,20,11,3
2018-03-04 01:00:00,42,23,7,5
2018-03-04 02:00:00,52,21,7,1
2018-03-04 03:00:00,44,23,13,14
2018-03-04 04:00:00,48,21,11,14
2018-03-04 05:00:00,41,24,12,17
2018-03-04 06:00:00,36,24,10,4
2018-03-04 07:00:00,29,23,11,18
2018-03-04 08:00:00,26,22,9,0
2018-03-04 09:00:00,27,23,10,1
2018-03-04 10:00:00,35,21,6,9
2018-03-04 11:00:00,30,21,11,1
2018-03-04 12:00:00,37,24,8,7
2018-03-04 13:00:00,43,24,11,7
2018-03-04 14:00:00,40,20,6,2
2018-03-04 15:00:00,34,21,12,17
2018-03-04 16:00:00,48,21,7,11
2018-03-04 17:00:00,50,24,7,17
2018-03-04 18:00:00,49,23,13,19
2018-03-04 19:00:00,52,24,11,2
2018-03-04 20:00:00,62,24,10,0
2018-03-04 21:00:00,59,22,5,2
2018-03-04 22:00:00,58,23,7,5
2018-03-04 23:00:00,66,24,6,0
2018-03-05 00:00:00,58,23,6,19
2018-03-05 01:00:00,51,23,5,11
2018-03-05 02:00:00,50,22,11,13
2018-03-05 03:00:00,41,21,9,2
2018-03-05 04:00:00,37,20,9,17
2018-03-05 05:00:00,44,21,8,17
2018-03-05 06:00:00,56,22,10,8
2018-03-05 07:00:00,61,24,9,12
2018-03-05 08:00:00,66,22,11,0
2018-03-05 09:00:00,73,24,9,3
2018-03-05 10:00:00,69,20,7,14
2018-03-05 11:00:00,64,21,6,19
2018-03-05 12:00:00,65,20,5,9
2018-03-05 13:00:00,72,20,6,13
2018-03-05 14:00:00,64,23,9,1
2018-03-05 15:00:00,64,24,14,10
2018-03-05 16:00:00,61,21,13,10
2018-03-05 17:00:00,55,24,9,18
2018-03-05 18:00:00,55,23,8,18
2018-03-05 19:00:00,65,24,13,12
2018-03-05 20:00:00,74,24,13,14
2018-03-05 21:00:00,75,23,9,7
2018-03-05 22:00:00,81,21,6,12
2018-03-05 23:00:00,73,21,8,1
2018-03-06 00:00:00,56,24,10,11
2018-03-06 01:00:00,52,20,13,15
2018-03-06 02:00:00,40,20,9,2
2018-03-06 03:00:00,29,23,12,19
2018-03-06 04:00:00,31,24,8,19
2018-03-06 05:00:00,30,22,12,9
2018-03-06 06:00:00,38,23,9,15
2018-03-06 07:00:00,40,23,9,17
2018-03-06 08:00:00,45,21,8,17
2018-03-06 09:00:00,37,23,11,9
2018-03-06 10:00:00,37,20,13,2
2018-03-06 11:00:00,24,22,14,0
2018-03-06 12:00:00,28,23,11,8
2018-03-06 13:00:00,30,21,12,4
2018-03-06 14:00:00,30,21,12,10
2018-03-06 15:00:00,34,23,9,3
2018-03-06 16:00:00,31,23,7,19
2018-03-06 17:00:00,27,21,5,8
2018-03-06 18:00:00,20,20,14,11
2018-03-06 19:00:00,30,20,12,7
2018-03-06 20:00:00,27,24,8,17
2018-03-06 21:00:00,27,20,13,11
2018-03-06 22:00:00,44,23,13,0
2018-03-06 23:00:00,47,20,7,10
2018-03-07 00:00:00,54,22,11,14
2018-03-07 01:00:00,66,20,13,17
2018-03-07 02:00:00,61,20,13,16
2018-03-07 03:00:00,62,23,10,18
2018-03-07 04:00:00,66,22,8,11
2018-03-07 05:00:00,56,21,7,9
2018-03-07 06:00:00,44,22,10,13
2018-03-07 07:00:00,48,23,14,16
2018-03-07 08:00:00,44,23,13,16
2018-03-07 09:00:00,45,23,14,12
2018-03-07 10:00:00,51,22,14,4
2018-03-07 11:00:00,63,21,10,9
2018-03-07 12:00:00,61,20,10,11
2018-03-07 13:00:00,63,24,8,6
2018-03-07 14:00:00,59,24,14,4
2018-03-07 15:00:00,62,22,14,2
2018-03-07 16:00:00,58,22,5,17
2018-03-07 17:00:00,62,23,12,15
2018-03-07 18:00:00,59,20,11,9
2018-03-07 19:00:00,58,23,8,8
2018-03-07 20:00:00,57,22,12,19
2018-03-07 21:00:00,61,22,12,3
2018-03-07 22:00:00,68,20,11,16
2018-03-07 23:00:00,67,21,13,8
2018-03-08 00:00:00,72,20,5,2
2018-03-08 01:00:00,68,24,11,11
2018-03-08 02:00:00,57,21,12,5
2018-03-08 03:00:00,58,24,12,14
2018-03-08 04:00:00,56,24,10,12
2018-03-08 05:00:00,46,23,5,0
2018-03-08 06:00:00,36,22,10,7
2018-03-08 07:00:00,39,20,13,12
2018-03-08 08:00:00,42,21,7,1
2018-03-08 09:00:00,50,24,10,6
2018-03-08 10:00:00,52,20,7,10
2018-03-08 11:00:00,66,21,7,19
2018-03-08 12:00:00,75,21,8,18
2018-03-08 13:00:00,76,21,8,19
2018-03-08 14:00:00,57,20,11,7
2018-03-08 15:00:00,62,20,7,12
2018-03-08 16:00:00,59,24,6,11
2018-03-08 17:00:00,60,21,14,8
2018-03-08 18:00:00,54,23,6,5
2018-03-08 19:00:00,62,20,11,8
2018-03-08 20:00:00,51,24,10,3
2018-03-08 21:00:00,45,20,5,10
2018-03-08 22:00:00,33,20,5,18
2018-03-08 23:00:00,29,20,12,16
2018-03-09 00:00:00,28,24,14,7
2018-03-09 01:00:00,29,21,5,14
2018-03-09 02:00:00,29,20,12,4
2018-03-09 03:00:00,39,24,7,2
2018-03-09 04:00:00,31,20,13,14
2018-03-09 05:00:00,33,21,9,16
2018-03-09 06:00:00,35,23,13,14
2018-03-09 07:00:00,46,23,11,7
2018-03-09 08:00:00,45,23,11,8
2018-03-09 09:00:00,47,23,13,13
2018-03-09 10:00:00,52,20,13,5
2018-03-09 11:00:00,63,24,12,12
2018-03-09 12:00:00,49,20,13,15
2018-03-09 13:00:00,38,24,11,8
2018-03-09 14:00:00,40,20,10,1
2018-03-09 15:00:00,45,22,9,1
2018-03-09 16:00:00,40,20,10,12
2018-03-09 17:00:00,36,23,12,18
2018-03-09 18:00:00,45,22,14,5
2018-03-09 19:00:00,54,22,6,14
2018-03-09 20:00:00,54,20,14,14
2018-03-09 21:00:00,57,24,7,0
2018-03-09 22:00:00,72,23,10,8
2018-03-09 23:00:00,65,24,7,16
2018-03-10 00:00:00,63,23,7,14
2018-03-10 01:00:00,53,22,14,9
2018-03-10 02:00:00,46,23,8,16
2018-03-10 03:00:00,43,20,10,1
2018-03-10 04:00:00,46,23,12,5
2018-03-10 05:00:00,50,20,12,18
2018-03-10 06:00:00,55,22,9,15
2018-03-10 07:00:00,66,20,7,4
2018-03-10 08:00:00,73,20,7,5
2018-03-10 09:00:00,76,24,10,5
2018-03-10 10:00:00,61,24,10,0
2018-03-10 11:00:00,47,23,11,6
2018-03-10 12:00:00,35,20,10,3
2018-03-10 13:00:00,35,23,9,11
2018-03-10 14:00:00,41,20,10,18
2018-03-10 15:00:00,51,22,6,14
2018-03-10 16:00:00,55,20,6,18
2018-03-10 17:00:00,56,22,12,16
2018-03-10 18:00:00,43,21,13,7
2018-03-10 19:00:00,44,22,10,2
2018-03-10 20:00:00,40,20,9,11
2018-03-10 21:00:00,35,23,5,0
2018-03-10 22:00:00,45,23,5,2
2018-03-10 23:00:00,50,20,13,9
2018-03-11 00:00:00,43,23,12,1
2018-03-11 01:00:00,47,21,12,10
2018-03-11 02:00:00,65,24,12,11
2018-03-11 03:00:00,57,23,7,14
2018-03-11 04:00:00,57,21,13,13
2018-03-11 05:00:00,56,21,5,1
2018-03-11 06:00:00,56,23,10,18
2018-03-11 07:00:00,47,21,8,8
2018-03-11 08:00:00,47,24,9,9
2018-03-11 09:00:00,45,21,7,13
2018-03-11 10:00:00,53,21,12,17
2018-03-11 11:00:00,60,24,8,18
2018-03-11 12:00:00,69,24,11,9
2018-03-11 13:00:00,66,24,11,0
2018-03-11 14:00:00,63,20,11,14
2018-03-11 15:00:00,52,24,13,4
2018-03-11 16:00:00,48,20,9,3
2018-03-11 17:00:00,50,24,11,13
2018-03-11 18:00:00,60,24,11,3
2018-03-11 19:00:00,64,22,14,16
2018-03-11 20:00:00,76,24,13,14
2018-03-11 21:00:00,63,20,5,6
2018-03-11 22:00:00,44,20,6,11
2018-03-11 23:00:00,47,21,8,7
2018-03-12 00:00:00,50,21,14,12
2018-03-12 01:00:00,33,20,5,1
2018-03-12 02:00:00,41,21,8,18
2018-03-12 03:00:00,57,21,12,8
2018-03-12 04:00:00,44,22,12,9
2018-03-12 05:00:00,38,22,9,14
2018-03-12 06:00:00,51,20,13,0
2018-03-12 07:00:00,54,24,5,19
2018-03-12 08:00:00,57,20,10,11
2018-03-12 09:00:00,71,20,9,8
2018-03-12 10:00:00,72,23,10,6
2018-03-12 11:00:00,66,20,7,7
2018-03-12 12:00:00,70,24,14,10
2018-03-12 13:00:00,57,23,7,11
2018-03-12 14:00:00,57,21,9,9
2018-03-12 15:00:00,65,22,12,8
2018-03-12 16:00:00,72,20,9,19
2018-03-12 17:00:00,60,22,12,13
2018-03-12 18:00:00,58,21,11,4
2018-03-12 19:00:00,58,23,12,13
2018-03-12 20:00:00,53,23,11,15
2018-03-12 21:00:00,42,22,11,13
2018-03-12 22:00:00,50,22,8,11
2018-03-12 23:00:00,61,22,7,7
2018-03-13 00:00:00,47,23,14,8
2018-03-13 01:00:00,47,23,12,7
2018-03-13 02:00:00,52,22,6,13
2018-03-13 03:00:00,43,20,11,3
2018-03-13 04:00:00,31,24,7,13
2018-03-13 05:00:00,28,20,5,5
2018-03-13 06:00:00,33,20,9,13
2018-03-13 07:00:00,32,21,8,11
2018-03-13 08:00:00,41,22,7,14
2018-03-13 09:00:00,41,22,10,17
2018-03-13 10:00:00,49,24,14,13
2018-03-13 11:00:00,54,20,9,8
2018-03-13 12:00:00,57,22,8,18
2018-03-13 13:00:00,61,22,11,3
2018-03-13 14:00:00,72,23,12,17
2018-03-13 15:00:00,71,24,13,13
2018-03-13 16:00:00,61,21,14,9
2018-03-13 17:00:00,65,22,6,12
2018-03-13 18:00:00,58,21,5,16
2018-03-13 19:00:00,48,24,8,2
2018-03-13 20:00:00,52,22,11,17
2018-03-13 21:00:00,50,24,14,10
2018-03-13 22:00:00,33,22,7,11
2018-03-13 23:00:00,27,24,7,15
2018-03-14 00:00:00,37,23,12,6
2018-03-14 01:00:00,27,22,6,7
2018-03-14 02:00:00,29,23,10,7
2018-03-14 03:00:00,43,24,5,2
2018-03-14 04:00:00,53,24,13,3
2018-03-14 05:00:00,59,20,7,0
2018-03-14 06:00:00,60,21,8,18
2018-03-14 07:00:00,66,22,10,6
2018-03-14 08:00:00,62,23,10,16
2018-03-14 09:00:00,64,22,7,15
2018-03-14 10:00:00,57,23,13,0
2018-03-14 11:00:00,57,20,9,9
2018-03-14 12:00:00,53,24,5,12
2018-03-14 13:00:00,59,21,13,19
2018-03-14 14:00:00,59,21,7,13
2018-03-14 15:00:00,54,22,10,8
2018-03-14 16:00:00,57,21,10,12
2018-03-14 17:00:00,61,21,6,13
2018-03-14 18:00:00,47,24,7,8
2018-03-14 19:00:00,44,24,11,14
2018-03-14 20:00:00,50,20,14,18
2018-03-14 21:00:00,63,20,10,5
2018-03-14 22:00:00,51,24,8,17
2018-03-14 23:00:00,60,20,13,5
2018-03-15 00:00:00,66,23,13,9
2018-03-15 01:00:00,58,20,9,9
2018-03-15 02:00:00,39,22,6,10
2018-03-15 03:00:00,37,24,11,9
2018-03-15 04:00:00,40,20,12,15
2018-03-15 05:00:00,30,22,14,2
2018-03-15 06:00:00,44,23,8,17
2018-03-15 07:00:00,47,20,11,10
2018-03-15 08:00:00,54,23,14,4
2018-03-15 09:00:00,41,22,11,13
2018-03-15 10:00:00,47,24,5,16
2018-03-15 11:00:00,35,23,6,18
2018-03-15 12:00:00,34,23,9,15
2018-03-15 13:00:00,38,23,12,6
2018-03-15 14:00:00,42,20,10,10
2018-03-15 15:00:00,29,22,11,1
2018-03-15 16:00:00,38,21,5,1
2018-03-15 17:00:00,49,21,11,18
2018-03-15 18:00:00,55,21,10,5
2018-03-15 19:00:00,67,20,12,5
2018-03-15 20:00:00,71,21,6,16
2018-03-15 21:00:00,63,23,13,1
2018-03-15 22:00:00,52,23,14,10
2018-03-15 23:00:00,37,22,7,4
2018-03-16 00:00:00,33,24,14,18
2018-03-16 01:00:00,48,24,14,18
2018-03-16 02:00:00,50,24,7,3
2018-03-16 03:00:00,66,23,10,12
2018-03-16 04:00:00,77,20,8,9
2018-03-16 05:00:00,68,20,10,0
2018-03-16 06:00:00,68,22,10,5
2018-03-16 07:00:00,66,21,9,18
2018-03-16 08:00:00,67,20,10,0
2018-03-16 09:00:00,72,21,12,9
2018-03-16 10:00:00,65,23,11,3
2018-03-16 11:00:00,49,20,7,19
2018-03-16 12:00:00,49,21,9,4
2018-03-16 13:00:00,36,23,10,14
2018-03-16 14:00:00,25,24,8,11
2018-03-16 15:00:00,42,23,11,16
2018-03-16 16:00:00,46,22,10,10
2018-03-16 17:00:00,50,21,11,13
2018-03-16 18:00:00,60,21,8,6
2018-03-16 19:00:00,52,23,12,0
2018-03-16 20:00:00,42,20,5,6
2018-03-16 21:00:00,45,20,5,13
2018-03-16 22:00:00,42,20,13,11
2018-03-16 23:00:00,31,23,6,18
2018-03-17 00:00:00,42,21,14,2
2018-03-17 01:00:00,51,22,11,6
2018-03-17 02:00:00,58,20,5,4
2018-03-17 03:00:00,57,23,10,8
2018-03-17 04:00:00,59,20,14,9
2018-03-17 05:00:00,54,24,8,19
2018-03-17 06:00:00,49,24,11,12
2018-03-17 07:00:00,34,21,14,6
2018-03-17 08:00:00,46,21,13,2
2018-03-17 09:00:00,39,24,13,19
2018-03-17 10:00:00,52,24,10,10
2018-03-17 11:00:00,49,22,5,3
2018-03-17 12:00:00,62,21,13,17
2018-03-17 13:00:00,63,24,14,19
2018-03-17 14:00:00,81,21,13,16
2018-03-17 15:00:00,70,23,9,2
2018-03-17 16:00:00,77,22,11,5
2018-03-17 17:00:00,68,23,11,6
2018-03-17 18:00:00,63,24,8,16
2018-03-17 19:00:00,46,23,6,7
2018-03-17 20:00:00,46,21,14,13
2018-03-17 21:00:00,40,20,12,14
2018-03-17 22:00:00,42,20,11,2
2018-03-17 23:00:00,31,20,7,14
2018-03-18 00:00:00,44,23,14,16
2018-03-18 01:00:00,53,20,13,13
2018-03-18 02:00:00,58,24,13,1
2018-03-18 03:00:00,62,20,6,2
2018-03-18 04:00:00,70,21,9,1
2018-03-18 05:00:00,74,24,12,17
2018-03-18 06:00:00,71,20,10,18
2018-03-18 07:00:00,67,22,9,4
2018-03-18 08:00:00,67,23,9,18
2018-03-18 09:00:00,76,20,7,0
2018-03-18 10:00:00,61,20,8,4
2018-03-18 11:00:00,49,24,14,1
2018-03-18 12:00:00,52,20,9,4
2018-03-18 13:00:00,53,23,10,4
2018-03-18 14:00:00,38,24,9,16
2018-03-18 15:00:00,38,22,9,3
2018-03-18 16:00:00,48,24,14,7
2018-03-18 17:00:00,36,22,6,11
2018-03-18 18:00:00,29,24,14,16
2018-03-18 19:00:00,38,22,12,15
2018-03-18 20:00:00,32,23,14,0
2018-03-18 21:00:00,26,20,7,7
2018-03-18 22:00:00,34,22,7,2
2018-03-18 23:00:00,38,23,5,4
2018-03-19 00:00:00,38,20,5,6
2018-03-19 01:00:00,44,23,5,5
2018-03-19 02:00:00,49,24,8,8
2018-03-19 03:00:00,43,22,11,11
2018-03-19 04:00:00,49,24,9,1
2018-03-19 05:00:00,41,24,9,11
2018-03-19 06:00:00,54,23,12,8
2018-03-19 07:00:00,59,23,8,9
2018-03-19 08:00:00,60,24,7,19
2018-03-19 09:00:00,53,23,5,15
2018-03-19 10:00:00,56,22,8,10
2018-03-19 11:00:00,46,23,11,14
2018-03-19 12:00:00,40,20,13,1
2018-03-19 13:00:00,40,23,12,9
2018-03-19 14:00:00,49,20,5,10
2018-03-19 15:00:00,45,22,5,17
2018-03-19 16:00:00,46,21,5,1
2018-03-19 17:00:00,44,23,10,18
2018-03-19 18:00:00,40,20,13,0
2018-03-19 19:00:00,32,21,5,13
2018-03-19 20:00:00,44,24,12,19
2018-03-19 21:00:00,45,22,5,11
2018-03-19 22:00:00,52,21,10,0
2018-03-19 23:00:00,60,23,6,2
2018-03-20 00:00:00,68,21,6,16
2018-03-20 01:00:00,57,20,11,1
2018-03-20 02:00:00,49,23,5,19
2018-03-20 03:00:00,51,20,11,14
2018-03-20 04:00:00,53,21,8,7
2018-03-20 05:00:00,35,22,6,0
2018-03-20 06:00:00,35,21,6,9
2018-03-20 07:00:00,37,22,7,13
2018-03-20 08:00:00,27,21,12,3
2018-03-20 09:00:00,27,24,9,4
2018-03-20 10:00:00,29,24,7,4
2018-03-20 11:00:00,36,23,6,15
2018-03-20 12:00:00,35,24,11,11
2018-03-20 13:00:00,33,21,8,6
2018-03-20 14:00:00,29,20,9,3
2018-03-20 15:00:00,35,24,5,4
2018-03-20 16:00:00,37,21,8,4
2018-03-20 17:00:00,39,23,8,4
2018-03-20 18:00:00,43,24,6,8
2018-03-20 19:00:00,35,24,12,13
2018-03-20 20:00:00,27,24,10,14
2018-03-20 21:00:00,27,23,9,9
2018-03-20 22:00:00,33,21,13,1
2018-03-20 23:00:00,34,20,13,14
2018-03-21 00:00:00,53,21,12,14
2018-03-21 01:00:00,69,24,5,10
2018-03-21 02:00:00,74,21,9,6
2018-03-21 03:00:00,68,22,11,6
2018-03-21 04:00:00,66,22,13,19
2018-03-21 05:00:00,58,22,14,11
2018-03-21 06:00:00,53,21,13,16
2018-03-21 07:00:00,49,22,8,1
2018-03-21 08:00:00,57,20,14,0
2018-03-21 09:00:00,71,21,11,18
2018-03-21 10:00:00,66,23,13,4
2018-03-21 11:00:00,55,21,11,9
2018-03-21 12:00:00,50,24,14,0
2018-03-21 13:00:00,47,21,12,5
2018-03-21 14:00:00,39,24,10,17
2018-03-21 15:00:00,47,20,9,16
2018-03-21 16:00:00,62,24,5,0
2018-03-21 17:00:00,63,23,13,2
2018-03-21 18:00:00,59,20,11,10
2018-03-21 19:00:00,66,22,12,1
2018-03-21 20:00:00,67,22,5,6
2018-03-21 21:00:00,63,23,11,1
2018-03-21 22:00:00,53,24,5,18
2018-03-21 23:00:00,62,22,8,12
2018-03-22 00:00:00,54,21,6,5
2018-03-22 01:00:00,57,24,14,4
2018-03-22 02:00:00,60,20,14,16
2018-03-22 03:00:00,76,21,10,8
2018-03-22 04:00:00,71,21,12,12
2018-03-22 05:00:00,67,22,6,9
2018-03-22 06:00:00,59,23,14,18
2018-03-22 07:00:00,44,21,10,15
2018-03-22 08:00:00,44,22,10,3
2018-03-22 09:00:00,42,24,11,14
2018-03-22 10:00:00,50,20,10,4
2018-03-22 11:00:00,54,21,5,9
2018-03-22 12:00:00,66,23,12,2
2018-03-22 13:00:00,64,22,13,15
2018-03-22 14:00:00,74,21,7,3
2018-03-22 15:00:00,79,24,8,16
2018-03-22 16:00:00,73,21,13,10
2018-03-22 17:00:00,71,20,13,12
2018-03-22 18:00:00,71,20,6,9
2018-03-22 19:00:00,64,22,14,18
2018-03-22 20:00:00,57,20,6,19
2018-03-22 21:00:00,53,24,12,1
2018-03-22 22:00:00,46,21,14,2
2018-03-22 23:00:00,46,20,8,2
2018-03-23 00:00:00,41,21,12,13
2018-03-23 01:00:00,39,20,11,2
2018-03-23 02:00:00,52,22,10,17
2018-03-23 03:00:00,56,23,11,13
2018-03-23 04:00:00,49,21,10,15
2018-03-23 05:00:00,56,21,6,14
2018-03-23 06:00:00,52,24,8,19
2018-03-23 07:00:00,40,22,6,2
2018-03-23 08:00:00,32,21,13,16
2018-03-23 09:00:00,26,22,12,18
2018-03-23 10:00:00,15,23,13,13
2018-03-23 11:00:00,30,22,7,0
2018-03-23 12:00:00,24,24,10,2
2018-03-23 13:00:00,31,23,5,18
2018-03-23 14:00:00,46,20,10,7
2018-03-23 15:00:00,62,24,9,7
2018-03-23 16:00:00,54,21,6,2
2018-03-23 17:00:00,55,22,13,15
2018-03-23 18:00:00,51,23,6,3
2018-03-23 19:00:00,47,20,12,5
2018-03-23 20:00:00,35,24,11,11
2018-03-23 21:00:00,37,24,10,7
2018-03-23 22:00:00,50,22,10,10
2018-03-23 23:00:00,54,20,8,8
2018-03-24 00:00:00,45,22,11,8
2018-03-24 01:00:00,46,22,12,15
2018-03-24 02:00:00,34,23,8,10
2018-03-24 03:00:00,21,21,8,10
2018-03-24 04:00:00,17,21,14,17
2018-03-24 05:00:00,28,24,5,12
2018-03-24 06:00:00,33,24,6,11
2018-03-24 07:00:00,33,23,7,11
2018-03-24 08:00:00,33,22,6,7
2018-03-24 09:00:00,43,22,13,12
2018-03-24 10:00:00,37,20,11,10
2018-03-24 11:00:00,39,21,13,10
2018-03-24 12:00:00,45,24,13,1
2018-03-24 13:00:00,53,24,9,15
2018-03-24 14:00:00,48,20,9,11
2018-03-24 15:00:00,47,24,8,6
2018-03-24 16:00:00,45,22,8,13
2018-03-24 17:00:00,57,23,7,14
2018-03-24 18:00:00,67,23,14,11
2018-03-24 19:00:00,75,21,12,2
2018-03-24 20:00:00,68,23,7,14
2018-03-24 21:00:00,73,21,7,1
2018-03-24 22:00:00,68,22,6,2
2018-03-24 23:00:00,56,21,8,8
2018-03-25 00:00:00,58,22,7,6
2018-03-25 01:00:00,62,23,7,6
2018-03-25 02:00:00,51,24,14,3
2018-03-25 03:00:00,50,22,5,5
2018-03-25 04:00:00,54,21,9,13
2018-03-25 05:00:00,45,23,10,5
2018-03-25 06:00:00,57,21,5,6
2018-03-25 07:00:00,62,22,12,13
2018-03-25 08:00:00,49,22,5,14
2018-03-25 09:00:00,41,23,7,14
2018-03-25 10:00:00,36,20,12,10
2018-03-25 11:00:00,18,23,6,7
2018-03-25 12:00:00,20,24,12,2
2018-03-25 13:00:00,38,20,8,9
2018-03-25 14:00:00,46,20,5,2
2018-03-25 15:00:00,47,23,9,14
2018-03-25 16:00:00,57,22,5,0
2018-03-25 17:00:00,55,21,11,12
2018-03-25 18:00:00,52,21,5,9
2018-03-25 19:00:00,45,22,14,13
2018-03-25 20:00:00,59,23,10,14
2018-03-25 21:00:00,52,21,11,10
2018-03-25 22:00:00,52,24,7,10
2018-03-25 23:00:00,54,20,12,1
2018-03-26 00:00:00,68,24,10,11
2018-03-26 01:00:00,68,21,10,8
2018-03-26 02:00:00,71,22,9,14
2018-03-26 03:00:00,64,21,6,1
2018-03-26 04:00:00,48,22,11,1
2018-03-26 05:00:00,41,20,13,17
2018-03-26 06:00:00,37,24,6,2
2018-03-26 07:00:00,39,20,7,8
2018-03-26 08:00:00,36,22,12,2
2018-03-26 09:00:00,40,21,9,15
2018-03-26 10:00:00,34,23,14,10
2018-03-26 11:00:00,27,20,12,9
2018-03-26 12:00:00,24,24,10,13
2018-03-26 13:00:00,32,23,7,3
2018-03-26 14:00:00,29,22,7,8
2018-03-26 15:00:00,25,20,11,17
2018-03-26 16:00:00,26,24,8,16
2018-03-26 17:00:00,38,23,8,16
2018-03-26 18:00:00,30,24,9,10
2018-03-26 19:00:00,38,21,8,5
2018-03-26 20:00:00,55,21,10,0
2018-03-26 21:00:00,66,23,11,5
2018-03-26 22:00:00,65,20,12,11
2018-03-26 23:00:00,70,23,11,16
2018-03-27 00:00:00,66,22,11,19
2018-03-27 01:00:00,68,24,9,15
2018-03-27 02:00:00,51,24,6,17
2018-03-27 03:00:00,52,22,7,0
2018-03-27 04:00:00,53,24,5,16
2018-03-27 05:00:00,58,24,10,14
2018-03-27 06:00:00,44,22,12,13
2018-03-27 07:00:00,53,22,5,1
2018-03-27 08:00:00,40,22,12,6
2018-03-27 09:00:00,52,24,6,7
2018-03-27 10:00:00,51,20,13,7
2018-03-27 11:00:00,60,21,11,10
2018-03-27 12:00:00,59,21,13,13
2018-03-27 13:00:00,67,23,8,8
2018-03-27 14:00:00,52,20,5,0
2018-03-27 15:00:00,41,23,14,0
2018-03-27 16:00:00,42,21,14,19
2018-03-27 17:00:00,47,24,12,1
2018-03-27 18:00:00,45,21,7,5
2018-03-27 19:00:00,54,23,11,4
2018-03-27 20:00:00,64,23,8,9
2018-03-27 21:00:00,53,20,9,3
2018-03-27 22:00:00,45,21,5,1
2018-03-27 23:00:00,47,20,6,1
2018-03-28 00:00:00,39,21,5,17
2018-03-28 01:00:00,35,21,13,0
2018-03-28 02:00:00,48,21,10,3
2018-03-28 03:00:00,60,22,14,2
2018-03-28 04:00:00,47,24,13,19
2018-03-28 05:00:00,60,22,12,6
2018-03-28 06:00:00,58,22,11,16
2018-03-28 07:00:00,56,21,8,10
2018-03-28 08:00:00,38,23,10,15
2018-03-28 09:00:00,38,20,12,10
2018-03-28 10:00:00,36,24,7,15
2018-03-28 11:00:00,40,24,6,17
2018-03-28 12:00:00,43,20,8,10
2018-03-28 13:00:00,60,21,10,12
2018-03-28 14:00:00,72,23,12,18
2018-03-28 15:00:00,62,24,11,3
2018-03-28 16:00:00,62,20,7,14
2018-03-28 17:00:00,60,20,10,3
2018-03-28 18:00:00,56,21,7,14
2018-03-28 19:00:00,53,20,10,6
2018-03-28 20:00:00,54,23,14,14
2018-03-28 21:00:00,45,24,7,3
2018-03-28 22:00:00,44,20,14,3
2018-03-28 23:00:00,40,23,6,17
2018-03-29 00:00:00,42,22,12,13
2018-03-29 01:00:00,38,23,5,7
2018-03-29 02:00:00,45,24,14,12
2018-03-29 03:00:00,39,23,12,9
2018-03-29 04:00:00,43,22,10,13
2018-03-29 05:00:00,44,24,5,14
2018-03-29 06:00:00,60,21,10,11
2018-03-29 07:00:00,54,24,7,3
2018-03-29 08:00:00,53,21,9,9
2018-03-29 09:00:00,40,21,8,10
2018-03-29 10:00:00,35,22,6,15
2018-03-29 11:00:00,36,24,12,12
2018-03-29 12:00:00,47,20,9,12
2018-03-29 13:00:00,59,23,7,7
2018-03-29 14:00:00,70,23,11,16
2018-03-29 15:00:00,67,23,8,0
2018-03-29 16:00:00,54,20,14,18
2018-03-29 17:00:00,52,21,13,5
2018-03-29 18:00:00,50,21,13,15
2018-03-29 19:00:00,45,21,11,3
2018-03-29 20:00:00,55,24,9,16
2018-03-29 21:00:00,62,20,13,0
2018-03-29 22:00:00,54,22,5,9
2018-03-29 23:00:00,51,20,13,19
2018-03-30 00:00:00,49,23,9,11
2018-03-30 01:00:00,45,21,9,0
2018-03-30 02:00:00,47,22,10,5
2018-03-30 03:00:00,48,21,12,17
2018-03-30 04:00:00,40,22,8,16
2018-03-30 05:00:00,50,21,6,10
2018-03-30 06:00:00,49,21,10,1
2018-03-30 07:00:00,41,24,12,19
2018-03-30 08:00:00,39,21,11,13
2018-03-30 09:00:00,40,22,11,10
2018-03-30 10:00:00,39,21,9,18
2018-03-30 11:00:00,39,22,8,1
2018-03-30 12:00:00,43,22,12,13
2018-03-30 13:00:00,59,21,7,1
2018-03-30 14:00:00,59,23,7,12
2018-03-30 15:00:00,50,24,6,7
2018-03-30 16:00:00,39,20,7,17
2018-03-30 17:00:00,41,22,7,7
2018-03-30 18:00:00,38,24,7,0
2018-03-30 19:00:00,41,23,8,19
2018-03-30 20:00:00,53,21,11,13
2018-03-30 21:00:00,64,23,12,7
2018-03-30 22:00:00,58,24,11,15
2018-03-30 23:00:00,53,21,8,5
2018-03-31 00:00:00,61,23,8,6
2018-03-31 01:00:00,58,21,14,12
2018-03-31 02:00:00,45,22,5,16
2018-03-31 03:00:00,57,22,11,18
2018-03-31 04:00:00,57,20,12,0
2018-03-31 05:00:00,47,23,11,5
2018-03-31 06:00:00,38,21,8,4
2018-03-31 07:00:00,43,20,10,12
2018-03-31 08:00:00,29,21,10,1
2018-03-31 09:00:00,36,22,5,2
2018-03-31 10:00:00,42,22,7,17
2018-03-31 11:00:00,49,24,11,17
2018-03-31 12:00:00,62,20,14,15
2018-03-31 13:00:00,70,21,13,8
2018-03-31 14:00:00,55,21,14,16
2018-03-31 15:00:00,57,24,14,11
2018-03-31 16:00:00,66,21,11,10
2018-03-31 17:00:00,61,24,5,0
2018-03-31 18:00:00,58,21,6,5
2018-03-31 19:00:00,69,23,7,15
2018-03-31 20:00:00,54,20,6,1
2018-03-31 21:00:00,36,20,5,10
2018-03-31 22:00:00,29,23,9,8
2018-03-31 23:00:00,27,20,5,0
